user_id,name,role,project_id,project_name,relation,context,timestamp
user_115,Diana,Lead,proj_6,Athena,WORKS_ON,{'role': 'Lead'},2023-09-26T19:40:34.058496
user_119,Judy,Lead,proj_40,Apollo,WORKS_ON,{'role': 'Lead'},2023-06-10T19:40:34.058536
user_89,Heidi,Manager,proj_28,Apollo,WORKS_ON,{'role': 'Manager'},2024-03-05T19:40:34.058554
user_45,Eve,Engineer,proj_23,Athena,WORKS_ON,{'role': 'Engineer'},2025-03-26T19:40:34.058565
user_23,Charlie,Manager,proj_45,Hermes,WORKS_ON,{'role': 'Manager'},2023-07-03T19:40:34.058573
user_197,Heidi,Manager,proj_44,Zeus,WORKS_ON,{'role': 'Manager'},2024-11-19T19:40:34.058582
user_144,Grace,Lead,proj_38,Athena,WORKS_ON,{'role': 'Lead'},2023-12-18T19:40:34.058591
user_118,Heidi,Lead,proj_24,Hermes,WORKS_ON,{'role': 'Lead'},2025-01-03T19:40:34.058601
user_106,Bob,Manager,proj_44,Zeus,WORKS_ON,{'role': 'Manager'},2025-03-20T19:40:34.058612
user_70,Eve,Manager,proj_1,Athena,WORKS_ON,{'role': 'Manager'},2023-09-25T19:40:34.058621
user_159,Diana,Intern,proj_35,Apollo,WORKS_ON,{'role': 'Intern'},2025-01-14T19:40:34.058630
user_177,Heidi,Lead,proj_17,Athena,WORKS_ON,{'role': 'Lead'},2023-10-08T19:40:34.058638
user_105,Diana,Manager,proj_15,Apollo,WORKS_ON,{'role': 'Manager'},2024-09-13T19:40:34.058646
user_151,Grace,Manager,proj_9,Zeus,WORKS_ON,{'role': 'Manager'},2025-04-23T19:40:34.058659
user_174,Diana,Intern,proj_4,Zeus,WORKS_ON,{'role': 'Intern'},2025-02-12T19:40:34.058673
user_121,Alice,Manager,proj_33,Zeus,WORKS_ON,{'role': 'Manager'},2023-09-14T19:40:34.058686
user_79,Grace,Manager,proj_28,Athena,WORKS_ON,{'role': 'Manager'},2024-11-09T19:40:34.058699
user_39,Alice,Manager,proj_29,Athena,WORKS_ON,{'role': 'Manager'},2025-03-25T19:40:34.058713
user_65,Judy,Intern,proj_36,Hermes,WORKS_ON,{'role': 'Intern'},2024-11-29T19:40:34.058723
user_37,Eve,Intern,proj_22,Athena,WORKS_ON,{'role': 'Intern'},2023-08-16T19:40:34.058733
user_190,Frank,Engineer,proj_18,Apollo,WORKS_ON,{'role': 'Engineer'},2024-01-30T19:40:34.058745
user_156,Eve,Engineer,proj_35,Athena,WORKS_ON,{'role': 'Engineer'},2024-02-06T19:40:34.058758
user_96,Charlie,Engineer,proj_46,Athena,WORKS_ON,{'role': 'Engineer'},2023-09-20T19:40:34.058772
user_2,Frank,Intern,proj_16,Hermes,WORKS_ON,{'role': 'Intern'},2024-09-28T19:40:34.058786
user_181,Frank,Engineer,proj_50,Apollo,WORKS_ON,{'role': 'Engineer'},2024-07-30T19:40:34.058800
user_164,Diana,Engineer,proj_22,Hermes,WORKS_ON,{'role': 'Engineer'},2025-04-25T19:40:34.058813
user_148,Ivan,Engineer,proj_46,Apollo,WORKS_ON,{'role': 'Engineer'},2023-11-05T19:40:34.058827
user_134,Bob,Intern,proj_36,Hermes,WORKS_ON,{'role': 'Intern'},2025-04-10T19:40:34.058840
user_146,Diana,Manager,proj_36,Apollo,WORKS_ON,{'role': 'Manager'},2025-01-10T19:40:34.058848
user_136,Heidi,Manager,proj_16,Apollo,WORKS_ON,{'role': 'Manager'},2024-06-05T19:40:34.058856
user_35,Heidi,Engineer,proj_38,Apollo,WORKS_ON,{'role': 'Engineer'},2024-11-29T19:40:34.058864
user_180,Charlie,Lead,proj_3,Athena,WORKS_ON,{'role': 'Lead'},2024-06-25T19:40:34.058871
user_55,Heidi,Lead,proj_23,Apollo,WORKS_ON,{'role': 'Lead'},2024-04-30T19:40:34.058879
user_76,Heidi,Intern,proj_36,Zeus,WORKS_ON,{'role': 'Intern'},2025-04-30T19:40:34.058886
user_191,Frank,Manager,proj_20,Apollo,WORKS_ON,{'role': 'Manager'},2023-05-15T19:40:34.058894
user_3,Ivan,Intern,proj_44,Hermes,WORKS_ON,{'role': 'Intern'},2024-04-30T19:40:34.058902
user_127,Charlie,Engineer,proj_13,Zeus,WORKS_ON,{'role': 'Engineer'},2024-02-18T19:40:34.058910
user_55,Diana,Intern,proj_39,Hermes,WORKS_ON,{'role': 'Intern'},2023-10-28T19:40:34.058928
user_40,Diana,Manager,proj_21,Hermes,WORKS_ON,{'role': 'Manager'},2024-10-12T19:40:34.058936
user_30,Frank,Lead,proj_17,Zeus,WORKS_ON,{'role': 'Lead'},2025-01-09T19:40:34.058944
user_51,Charlie,Engineer,proj_29,Hermes,WORKS_ON,{'role': 'Engineer'},2025-05-12T19:40:34.058951
user_149,Diana,Engineer,proj_15,Zeus,WORKS_ON,{'role': 'Engineer'},2023-07-13T19:40:34.058959
user_140,Diana,Lead,proj_49,Athena,WORKS_ON,{'role': 'Lead'},2024-11-26T19:40:34.058966
user_170,Ivan,Intern,proj_23,Zeus,WORKS_ON,{'role': 'Intern'},2024-10-24T19:40:34.058974
user_47,Alice,Manager,proj_16,Athena,WORKS_ON,{'role': 'Manager'},2024-04-11T19:40:34.058982
user_177,Judy,Manager,proj_49,Hermes,WORKS_ON,{'role': 'Manager'},2024-01-14T19:40:34.058991
user_39,Eve,Manager,proj_26,Hermes,WORKS_ON,{'role': 'Manager'},2023-09-23T19:40:34.058999
user_179,Alice,Engineer,proj_26,Zeus,WORKS_ON,{'role': 'Engineer'},2023-05-29T19:40:34.059006
user_138,Ivan,Manager,proj_18,Apollo,WORKS_ON,{'role': 'Manager'},2023-08-17T19:40:34.059014
user_14,Alice,Intern,proj_47,Athena,WORKS_ON,{'role': 'Intern'},2024-12-21T19:40:34.059022
user_199,Alice,Lead,proj_30,Zeus,WORKS_ON,{'role': 'Lead'},2024-10-13T19:40:34.059033
user_184,Alice,Intern,proj_23,Athena,WORKS_ON,{'role': 'Intern'},2025-01-10T19:40:34.059046
user_61,Grace,Intern,proj_19,Athena,WORKS_ON,{'role': 'Intern'},2025-04-15T19:40:34.059059
user_150,Heidi,Engineer,proj_14,Apollo,WORKS_ON,{'role': 'Engineer'},2024-04-05T19:40:34.059067
user_13,Bob,Intern,proj_29,Hermes,WORKS_ON,{'role': 'Intern'},2024-10-11T19:40:34.059075
user_131,Bob,Manager,proj_20,Apollo,WORKS_ON,{'role': 'Manager'},2023-07-18T19:40:34.059082
user_126,Frank,Lead,proj_36,Athena,WORKS_ON,{'role': 'Lead'},2024-08-12T19:40:34.059089
user_30,Ivan,Manager,proj_45,Hermes,WORKS_ON,{'role': 'Manager'},2024-12-16T19:40:34.059097
user_97,Bob,Intern,proj_14,Apollo,WORKS_ON,{'role': 'Intern'},2023-06-10T19:40:34.059105
user_79,Grace,Manager,proj_22,Zeus,WORKS_ON,{'role': 'Manager'},2023-07-16T19:40:34.059117
user_80,Grace,Intern,proj_3,Athena,WORKS_ON,{'role': 'Intern'},2024-10-17T19:40:34.059131
user_104,Diana,Manager,proj_39,Hermes,WORKS_ON,{'role': 'Manager'},2023-08-07T19:40:34.059141
user_17,Bob,Lead,proj_38,Apollo,WORKS_ON,{'role': 'Lead'},2025-03-30T19:40:34.059155
user_200,Frank,Lead,proj_13,Apollo,WORKS_ON,{'role': 'Lead'},2024-12-27T19:40:34.059174
user_81,Charlie,Manager,proj_40,Apollo,WORKS_ON,{'role': 'Manager'},2025-04-01T19:40:34.059182
user_108,Eve,Manager,proj_27,Zeus,WORKS_ON,{'role': 'Manager'},2023-10-24T19:40:34.059196
user_62,Judy,Lead,proj_17,Apollo,WORKS_ON,{'role': 'Lead'},2025-03-03T19:40:34.059208
user_87,Charlie,Manager,proj_22,Hermes,WORKS_ON,{'role': 'Manager'},2023-06-05T19:40:34.059216
user_80,Heidi,Manager,proj_45,Hermes,WORKS_ON,{'role': 'Manager'},2023-05-31T19:40:34.059224
user_160,Ivan,Engineer,proj_3,Apollo,WORKS_ON,{'role': 'Engineer'},2024-04-15T19:40:34.059232
user_141,Grace,Engineer,proj_7,Hermes,WORKS_ON,{'role': 'Engineer'},2023-08-05T19:40:34.059239
user_118,Frank,Manager,proj_13,Hermes,WORKS_ON,{'role': 'Manager'},2025-02-10T19:40:34.059247
user_151,Charlie,Manager,proj_43,Hermes,WORKS_ON,{'role': 'Manager'},2024-06-08T19:40:34.059254
user_64,Charlie,Manager,proj_50,Zeus,WORKS_ON,{'role': 'Manager'},2025-04-23T19:40:34.059262
user_53,Bob,Engineer,proj_8,Zeus,WORKS_ON,{'role': 'Engineer'},2025-04-05T19:40:34.059270
user_196,Charlie,Manager,proj_11,Hermes,WORKS_ON,{'role': 'Manager'},2023-11-09T19:40:34.059278
user_118,Bob,Lead,proj_17,Apollo,WORKS_ON,{'role': 'Lead'},2024-11-18T19:40:34.059286
user_92,Heidi,Manager,proj_34,Zeus,WORKS_ON,{'role': 'Manager'},2023-12-15T19:40:34.059294
user_9,Bob,Engineer,proj_48,Zeus,WORKS_ON,{'role': 'Engineer'},2024-12-26T19:40:34.059302
user_195,Charlie,Lead,proj_29,Zeus,WORKS_ON,{'role': 'Lead'},2023-12-11T19:40:34.059309
user_92,Judy,Engineer,proj_7,Hermes,WORKS_ON,{'role': 'Engineer'},2024-08-25T19:40:34.059317
user_119,Eve,Engineer,proj_25,Hermes,WORKS_ON,{'role': 'Engineer'},2025-04-21T19:40:34.059324
user_169,Ivan,Engineer,proj_11,Hermes,WORKS_ON,{'role': 'Engineer'},2024-01-13T19:40:34.059332
user_128,Alice,Manager,proj_12,Zeus,WORKS_ON,{'role': 'Manager'},2025-01-08T19:40:34.059339
user_107,Grace,Lead,proj_34,Hermes,WORKS_ON,{'role': 'Lead'},2023-10-07T19:40:34.059352
user_5,Diana,Engineer,proj_20,Zeus,WORKS_ON,{'role': 'Engineer'},2023-08-19T19:40:34.059363
user_62,Heidi,Lead,proj_38,Athena,WORKS_ON,{'role': 'Lead'},2023-07-29T19:40:34.059375
user_129,Judy,Engineer,proj_38,Zeus,WORKS_ON,{'role': 'Engineer'},2023-10-10T19:40:34.059388
user_180,Grace,Lead,proj_10,Apollo,WORKS_ON,{'role': 'Lead'},2024-06-17T19:40:34.059407
user_47,Judy,Manager,proj_42,Zeus,WORKS_ON,{'role': 'Manager'},2024-12-18T19:40:34.059421
user_109,Grace,Manager,proj_19,Zeus,WORKS_ON,{'role': 'Manager'},2025-02-13T19:40:34.059435
user_75,Ivan,Intern,proj_12,Hermes,WORKS_ON,{'role': 'Intern'},2024-09-07T19:40:34.059450
user_154,Charlie,Manager,proj_41,Zeus,WORKS_ON,{'role': 'Manager'},2023-08-12T19:40:34.059462
user_22,Alice,Lead,proj_42,Hermes,WORKS_ON,{'role': 'Lead'},2023-06-11T19:40:34.059476
user_130,Charlie,Engineer,proj_19,Hermes,WORKS_ON,{'role': 'Engineer'},2025-01-22T19:40:34.059489
user_20,Heidi,Engineer,proj_4,Hermes,WORKS_ON,{'role': 'Engineer'},2023-09-08T19:40:34.059504
user_39,Heidi,Manager,proj_30,Athena,WORKS_ON,{'role': 'Manager'},2024-10-10T19:40:34.059518
user_184,Judy,Manager,proj_7,Apollo,WORKS_ON,{'role': 'Manager'},2023-10-04T19:40:34.059527
user_2,Judy,Engineer,proj_6,Zeus,WORKS_ON,{'role': 'Engineer'},2024-10-20T19:40:34.059534
user_137,Charlie,Manager,proj_49,Athena,WORKS_ON,{'role': 'Manager'},2024-03-21T19:40:34.059541
user_157,Grace,Manager,proj_13,Apollo,WORKS_ON,{'role': 'Manager'},2025-02-09T19:40:34.059549
user_174,Judy,Engineer,proj_23,Hermes,WORKS_ON,{'role': 'Engineer'},2023-12-08T19:40:34.059556
user_200,Heidi,Lead,proj_37,Zeus,WORKS_ON,{'role': 'Lead'},2023-09-15T19:40:34.059568
user_127,Grace,Intern,proj_43,Apollo,WORKS_ON,{'role': 'Intern'},2025-03-23T19:40:34.059579
user_180,Judy,Engineer,proj_37,Athena,WORKS_ON,{'role': 'Engineer'},2024-11-21T19:40:34.059592
user_88,Heidi,Engineer,proj_33,Apollo,WORKS_ON,{'role': 'Engineer'},2024-06-02T19:40:34.059605
user_34,Heidi,Lead,proj_39,Zeus,WORKS_ON,{'role': 'Lead'},2023-11-01T19:40:34.059613
user_42,Alice,Manager,proj_45,Apollo,WORKS_ON,{'role': 'Manager'},2023-08-14T19:40:34.059622
user_177,Frank,Intern,proj_7,Hermes,WORKS_ON,{'role': 'Intern'},2024-12-28T19:40:34.059630
user_75,Heidi,Manager,proj_46,Apollo,WORKS_ON,{'role': 'Manager'},2025-02-27T19:40:34.059638
user_178,Eve,Engineer,proj_16,Hermes,WORKS_ON,{'role': 'Engineer'},2024-04-01T19:40:34.059645
user_200,Frank,Engineer,proj_29,Hermes,WORKS_ON,{'role': 'Engineer'},2024-04-07T19:40:34.059653
user_97,Alice,Engineer,proj_23,Apollo,WORKS_ON,{'role': 'Engineer'},2024-03-27T19:40:34.059660
user_9,Eve,Manager,proj_38,Apollo,WORKS_ON,{'role': 'Manager'},2023-11-02T19:40:34.059667
user_45,Ivan,Engineer,proj_5,Athena,WORKS_ON,{'role': 'Engineer'},2024-06-04T19:40:34.059675
user_57,Charlie,Engineer,proj_38,Apollo,WORKS_ON,{'role': 'Engineer'},2024-08-02T19:40:34.059683
user_46,Grace,Manager,proj_14,Zeus,WORKS_ON,{'role': 'Manager'},2023-12-12T19:40:34.059691
user_63,Charlie,Engineer,proj_27,Apollo,WORKS_ON,{'role': 'Engineer'},2023-08-15T19:40:34.059698
user_59,Bob,Intern,proj_32,Hermes,WORKS_ON,{'role': 'Intern'},2024-04-30T19:40:34.059706
user_71,Diana,Lead,proj_1,Zeus,WORKS_ON,{'role': 'Lead'},2025-05-06T19:40:34.059713
user_39,Ivan,Engineer,proj_8,Hermes,WORKS_ON,{'role': 'Engineer'},2024-03-14T19:40:34.059722
user_130,Bob,Engineer,proj_4,Zeus,WORKS_ON,{'role': 'Engineer'},2025-01-01T19:40:34.059729
user_168,Charlie,Intern,proj_4,Zeus,WORKS_ON,{'role': 'Intern'},2023-12-14T19:40:34.059736
user_17,Alice,Lead,proj_19,Athena,WORKS_ON,{'role': 'Lead'},2024-08-16T19:40:34.059744
user_113,Charlie,Manager,proj_12,Hermes,WORKS_ON,{'role': 'Manager'},2023-11-25T19:40:34.059753
user_26,Charlie,Manager,proj_32,Hermes,WORKS_ON,{'role': 'Manager'},2024-05-25T19:40:34.059765
user_120,Ivan,Engineer,proj_47,Apollo,WORKS_ON,{'role': 'Engineer'},2024-03-17T19:40:34.059777
user_131,Judy,Lead,proj_48,Zeus,WORKS_ON,{'role': 'Lead'},2025-03-27T19:40:34.059791
user_10,Alice,Intern,proj_13,Apollo,WORKS_ON,{'role': 'Intern'},2025-01-26T19:40:34.059800
user_191,Heidi,Intern,proj_4,Athena,WORKS_ON,{'role': 'Intern'},2023-08-10T19:40:34.059808
user_116,Grace,Engineer,proj_23,Hermes,WORKS_ON,{'role': 'Engineer'},2023-11-05T19:40:34.059816
user_122,Alice,Intern,proj_48,Hermes,WORKS_ON,{'role': 'Intern'},2024-05-29T19:40:34.059829
user_143,Judy,Engineer,proj_3,Apollo,WORKS_ON,{'role': 'Engineer'},2023-10-09T19:40:34.059841
user_29,Judy,Lead,proj_48,Athena,WORKS_ON,{'role': 'Lead'},2024-03-11T19:40:34.059855
user_64,Frank,Lead,proj_34,Apollo,WORKS_ON,{'role': 'Lead'},2024-09-01T19:40:34.059868
user_72,Bob,Lead,proj_3,Apollo,WORKS_ON,{'role': 'Lead'},2024-10-19T19:40:34.059881
user_174,Grace,Manager,proj_43,Hermes,WORKS_ON,{'role': 'Manager'},2024-03-11T19:40:34.059894
user_200,Alice,Manager,proj_50,Apollo,WORKS_ON,{'role': 'Manager'},2023-12-07T19:40:34.059907
user_59,Judy,Lead,proj_40,Zeus,WORKS_ON,{'role': 'Lead'},2023-11-01T19:40:34.059917
user_6,Eve,Lead,proj_45,Athena,WORKS_ON,{'role': 'Lead'},2024-11-26T19:40:34.059926
user_14,Ivan,Lead,proj_10,Athena,WORKS_ON,{'role': 'Lead'},2024-06-17T19:40:34.059934
user_33,Judy,Manager,proj_22,Apollo,WORKS_ON,{'role': 'Manager'},2023-06-21T19:40:34.059941
user_157,Charlie,Engineer,proj_33,Athena,WORKS_ON,{'role': 'Engineer'},2024-01-21T19:40:34.059948
user_167,Charlie,Manager,proj_22,Zeus,WORKS_ON,{'role': 'Manager'},2024-10-10T19:40:34.059955
user_93,Eve,Intern,proj_26,Athena,WORKS_ON,{'role': 'Intern'},2023-06-23T19:40:34.059963
user_190,Ivan,Intern,proj_50,Zeus,WORKS_ON,{'role': 'Intern'},2024-04-10T19:40:34.059970
user_155,Ivan,Lead,proj_36,Apollo,WORKS_ON,{'role': 'Lead'},2023-06-24T19:40:34.059978
user_23,Bob,Manager,proj_17,Athena,WORKS_ON,{'role': 'Manager'},2025-04-11T19:40:34.059985
user_118,Bob,Manager,proj_32,Apollo,WORKS_ON,{'role': 'Manager'},2023-10-16T19:40:34.059993
user_184,Ivan,Intern,proj_2,Zeus,WORKS_ON,{'role': 'Intern'},2024-07-20T19:40:34.060001
user_189,Diana,Intern,proj_19,Hermes,WORKS_ON,{'role': 'Intern'},2024-09-22T19:40:34.060008
user_139,Heidi,Lead,proj_10,Zeus,WORKS_ON,{'role': 'Lead'},2024-12-09T19:40:34.060016
user_157,Ivan,Manager,proj_5,Hermes,WORKS_ON,{'role': 'Manager'},2024-03-01T19:40:34.060023
user_118,Frank,Intern,proj_21,Zeus,WORKS_ON,{'role': 'Intern'},2024-04-02T19:40:34.060030
user_61,Eve,Engineer,proj_29,Athena,WORKS_ON,{'role': 'Engineer'},2023-05-25T19:40:34.060038
user_100,Ivan,Engineer,proj_34,Athena,WORKS_ON,{'role': 'Engineer'},2023-07-26T19:40:34.060046
user_26,Diana,Intern,proj_31,Zeus,WORKS_ON,{'role': 'Intern'},2024-10-03T19:40:34.060054
user_157,Grace,Manager,proj_34,Apollo,WORKS_ON,{'role': 'Manager'},2025-02-20T19:40:34.060061
user_7,Alice,Engineer,proj_28,Athena,WORKS_ON,{'role': 'Engineer'},2023-10-30T19:40:34.060069
user_47,Alice,Lead,proj_2,Zeus,WORKS_ON,{'role': 'Lead'},2023-12-24T19:40:34.060076
user_113,Grace,Manager,proj_45,Hermes,WORKS_ON,{'role': 'Manager'},2024-06-17T19:40:34.060083
user_134,Alice,Intern,proj_13,Zeus,WORKS_ON,{'role': 'Intern'},2024-12-30T19:40:34.060090
user_156,Judy,Manager,proj_28,Athena,WORKS_ON,{'role': 'Manager'},2025-03-25T19:40:34.060098
user_182,Grace,Manager,proj_25,Athena,WORKS_ON,{'role': 'Manager'},2024-02-17T19:40:34.060105
user_174,Bob,Engineer,proj_37,Hermes,WORKS_ON,{'role': 'Engineer'},2024-12-31T19:40:34.060112
user_52,Grace,Engineer,proj_17,Apollo,WORKS_ON,{'role': 'Engineer'},2023-11-23T19:40:34.060123
user_44,Frank,Manager,proj_1,Hermes,WORKS_ON,{'role': 'Manager'},2025-01-29T19:40:34.060136
user_72,Charlie,Engineer,proj_13,Hermes,WORKS_ON,{'role': 'Engineer'},2024-04-16T19:40:34.060145
user_87,Grace,Intern,proj_22,Athena,WORKS_ON,{'role': 'Intern'},2024-09-23T19:40:34.060152
user_33,Charlie,Intern,proj_7,Zeus,WORKS_ON,{'role': 'Intern'},2023-06-22T19:40:34.060160
user_39,Frank,Engineer,proj_22,Hermes,WORKS_ON,{'role': 'Engineer'},2024-01-11T19:40:34.060167
user_116,Diana,Manager,proj_3,Apollo,WORKS_ON,{'role': 'Manager'},2024-10-16T19:40:34.060175
user_85,Eve,Intern,proj_44,Hermes,WORKS_ON,{'role': 'Intern'},2023-09-15T19:40:34.060184
user_62,Frank,Lead,proj_48,Athena,WORKS_ON,{'role': 'Lead'},2025-04-09T19:40:34.060197
user_12,Bob,Manager,proj_49,Zeus,WORKS_ON,{'role': 'Manager'},2024-02-24T19:40:34.060207
user_89,Grace,Lead,proj_28,Hermes,WORKS_ON,{'role': 'Lead'},2024-08-10T19:40:34.060214
user_170,Grace,Intern,proj_6,Apollo,WORKS_ON,{'role': 'Intern'},2024-04-22T19:40:34.060222
user_155,Frank,Intern,proj_28,Hermes,WORKS_ON,{'role': 'Intern'},2024-08-07T19:40:34.060229
user_66,Bob,Manager,proj_21,Hermes,WORKS_ON,{'role': 'Manager'},2024-07-24T19:40:34.060241
user_74,Charlie,Engineer,proj_9,Apollo,WORKS_ON,{'role': 'Engineer'},2025-04-30T19:40:34.060252
user_192,Judy,Manager,proj_40,Apollo,WORKS_ON,{'role': 'Manager'},2024-01-13T19:40:34.060266
user_161,Frank,Lead,proj_9,Zeus,WORKS_ON,{'role': 'Lead'},2024-03-04T19:40:34.060275
user_36,Judy,Manager,proj_29,Athena,WORKS_ON,{'role': 'Manager'},2024-10-01T19:40:34.060283
user_35,Diana,Manager,proj_50,Athena,WORKS_ON,{'role': 'Manager'},2024-06-22T19:40:34.060290
user_133,Grace,Lead,proj_50,Hermes,WORKS_ON,{'role': 'Lead'},2024-04-22T19:40:34.060298
user_180,Diana,Lead,proj_50,Apollo,WORKS_ON,{'role': 'Lead'},2024-08-04T19:40:34.060308
user_38,Alice,Manager,proj_19,Zeus,WORKS_ON,{'role': 'Manager'},2024-08-24T19:40:34.060321
user_85,Eve,Lead,proj_17,Hermes,WORKS_ON,{'role': 'Lead'},2024-12-31T19:40:34.060332
user_135,Bob,Engineer,proj_16,Zeus,WORKS_ON,{'role': 'Engineer'},2024-06-28T19:40:34.060340
user_181,Bob,Engineer,proj_26,Apollo,WORKS_ON,{'role': 'Engineer'},2024-11-17T19:40:34.060347
user_118,Bob,Manager,proj_47,Athena,WORKS_ON,{'role': 'Manager'},2023-12-08T19:40:34.060355
user_16,Diana,Intern,proj_15,Athena,WORKS_ON,{'role': 'Intern'},2025-01-19T19:40:34.060362
user_15,Grace,Lead,proj_41,Zeus,WORKS_ON,{'role': 'Lead'},2023-10-14T19:40:34.060370
user_38,Judy,Intern,proj_1,Hermes,WORKS_ON,{'role': 'Intern'},2024-04-02T19:40:34.060378
user_67,Heidi,Manager,proj_18,Zeus,WORKS_ON,{'role': 'Manager'},2023-07-31T19:40:34.060386
user_11,Diana,Manager,proj_41,Athena,WORKS_ON,{'role': 'Manager'},2024-04-21T19:40:34.060393
user_121,Diana,Intern,proj_45,Zeus,WORKS_ON,{'role': 'Intern'},2024-12-29T19:40:34.060401
user_135,Heidi,Manager,proj_47,Athena,WORKS_ON,{'role': 'Manager'},2023-05-30T19:40:34.060408
user_158,Diana,Engineer,proj_1,Apollo,WORKS_ON,{'role': 'Engineer'},2024-12-21T19:40:34.060416
user_120,Heidi,Lead,proj_30,Athena,WORKS_ON,{'role': 'Lead'},2024-12-19T19:40:34.060423
user_118,Alice,Lead,proj_23,Athena,WORKS_ON,{'role': 'Lead'},2024-04-07T19:40:34.060431
user_18,Diana,Lead,proj_27,Zeus,WORKS_ON,{'role': 'Lead'},2023-07-21T19:40:34.060438
user_58,Heidi,Lead,proj_12,Apollo,WORKS_ON,{'role': 'Lead'},2023-05-18T19:40:34.060446
user_30,Alice,Intern,proj_10,Zeus,WORKS_ON,{'role': 'Intern'},2023-07-14T19:40:34.060454
user_110,Heidi,Engineer,proj_20,Apollo,WORKS_ON,{'role': 'Engineer'},2023-08-06T19:40:34.060461
user_102,Grace,Intern,proj_38,Zeus,WORKS_ON,{'role': 'Intern'},2023-12-05T19:40:34.060468
user_143,Ivan,Lead,proj_7,Athena,WORKS_ON,{'role': 'Lead'},2024-04-17T19:40:34.060476
user_189,Frank,Lead,proj_41,Zeus,WORKS_ON,{'role': 'Lead'},2024-01-24T19:40:34.060483
user_4,Frank,Manager,proj_15,Athena,WORKS_ON,{'role': 'Manager'},2024-01-28T19:40:34.060493
user_111,Charlie,Manager,proj_39,Hermes,WORKS_ON,{'role': 'Manager'},2024-01-05T19:40:34.060505
user_115,Judy,Manager,proj_22,Apollo,WORKS_ON,{'role': 'Manager'},2023-05-20T19:40:34.060517
user_199,Judy,Intern,proj_20,Hermes,WORKS_ON,{'role': 'Intern'},2024-11-15T19:40:34.060525
user_55,Heidi,Engineer,proj_13,Athena,WORKS_ON,{'role': 'Engineer'},2023-06-28T19:40:34.060533
user_6,Bob,Manager,proj_48,Hermes,WORKS_ON,{'role': 'Manager'},2023-12-06T19:40:34.060541
user_199,Diana,Lead,proj_24,Zeus,WORKS_ON,{'role': 'Lead'},2023-12-11T19:40:34.060548
user_118,Heidi,Intern,proj_10,Athena,WORKS_ON,{'role': 'Intern'},2025-01-12T19:40:34.060556
user_177,Heidi,Engineer,proj_37,Athena,WORKS_ON,{'role': 'Engineer'},2025-03-09T19:40:34.060563
user_110,Heidi,Engineer,proj_36,Athena,WORKS_ON,{'role': 'Engineer'},2024-07-11T19:40:34.060571
user_119,Judy,Lead,proj_25,Athena,WORKS_ON,{'role': 'Lead'},2024-07-28T19:40:34.060578
user_140,Judy,Intern,proj_40,Apollo,WORKS_ON,{'role': 'Intern'},2023-06-05T19:40:34.060587
user_126,Frank,Manager,proj_25,Apollo,WORKS_ON,{'role': 'Manager'},2024-03-30T19:40:34.060594
user_84,Bob,Manager,proj_41,Athena,WORKS_ON,{'role': 'Manager'},2025-04-09T19:40:34.060602
user_98,Judy,Lead,proj_21,Apollo,WORKS_ON,{'role': 'Lead'},2025-02-08T19:40:34.060609
user_198,Frank,Manager,proj_38,Hermes,WORKS_ON,{'role': 'Manager'},2024-12-21T19:40:34.060616
user_120,Alice,Lead,proj_20,Hermes,WORKS_ON,{'role': 'Lead'},2023-05-13T19:40:34.060624
user_89,Frank,Manager,proj_17,Zeus,WORKS_ON,{'role': 'Manager'},2023-10-06T19:40:34.060631
user_182,Alice,Engineer,proj_27,Hermes,WORKS_ON,{'role': 'Engineer'},2024-09-16T19:40:34.060639
user_135,Alice,Intern,proj_49,Athena,WORKS_ON,{'role': 'Intern'},2023-09-22T19:40:34.060646
user_68,Judy,Engineer,proj_19,Hermes,WORKS_ON,{'role': 'Engineer'},2024-07-21T19:40:34.060653
user_45,Frank,Lead,proj_5,Hermes,WORKS_ON,{'role': 'Lead'},2024-07-11T19:40:34.060661
user_55,Alice,Engineer,proj_12,Apollo,WORKS_ON,{'role': 'Engineer'},2025-02-13T19:40:34.060672
user_106,Frank,Engineer,proj_22,Zeus,WORKS_ON,{'role': 'Engineer'},2024-07-27T19:40:34.060684
user_142,Heidi,Intern,proj_10,Apollo,WORKS_ON,{'role': 'Intern'},2025-05-08T19:40:34.060693
user_159,Judy,Manager,proj_15,Athena,WORKS_ON,{'role': 'Manager'},2023-10-05T19:40:34.060701
user_48,Diana,Manager,proj_16,Apollo,WORKS_ON,{'role': 'Manager'},2025-02-09T19:40:34.060708
user_123,Alice,Manager,proj_43,Athena,WORKS_ON,{'role': 'Manager'},2025-01-11T19:40:34.060717
user_122,Judy,Lead,proj_49,Athena,WORKS_ON,{'role': 'Lead'},2024-11-17T19:40:34.060724
user_5,Frank,Manager,proj_8,Athena,WORKS_ON,{'role': 'Manager'},2024-05-12T19:40:34.060732
user_62,Alice,Intern,proj_23,Athena,WORKS_ON,{'role': 'Intern'},2024-09-08T19:40:34.060739
user_143,Judy,Manager,proj_14,Athena,WORKS_ON,{'role': 'Manager'},2023-10-18T19:40:34.060747
user_82,Charlie,Intern,proj_29,Athena,WORKS_ON,{'role': 'Intern'},2025-04-25T19:40:34.060755
user_43,Charlie,Lead,proj_11,Apollo,WORKS_ON,{'role': 'Lead'},2023-06-05T19:40:34.060762
user_4,Diana,Engineer,proj_14,Hermes,WORKS_ON,{'role': 'Engineer'},2023-12-20T19:40:34.060770
user_80,Alice,Intern,proj_43,Zeus,WORKS_ON,{'role': 'Intern'},2024-01-23T19:40:34.060778
user_8,Frank,Manager,proj_12,Apollo,WORKS_ON,{'role': 'Manager'},2025-03-22T19:40:34.060785
user_188,Charlie,Intern,proj_22,Hermes,WORKS_ON,{'role': 'Intern'},2023-08-29T19:40:34.060793
user_103,Heidi,Intern,proj_30,Hermes,WORKS_ON,{'role': 'Intern'},2024-04-26T19:40:34.060800
user_59,Judy,Engineer,proj_30,Apollo,WORKS_ON,{'role': 'Engineer'},2023-12-01T19:40:34.060807
user_119,Ivan,Lead,proj_8,Hermes,WORKS_ON,{'role': 'Lead'},2024-08-15T19:40:34.060815
user_184,Heidi,Manager,proj_49,Athena,WORKS_ON,{'role': 'Manager'},2023-07-03T19:40:34.060823
user_53,Charlie,Lead,proj_16,Athena,WORKS_ON,{'role': 'Lead'},2023-11-12T19:40:34.060830
user_173,Judy,Intern,proj_6,Athena,WORKS_ON,{'role': 'Intern'},2025-01-16T19:40:34.060841
user_37,Charlie,Engineer,proj_27,Apollo,WORKS_ON,{'role': 'Engineer'},2024-05-26T19:40:34.060854
user_125,Alice,Engineer,proj_9,Athena,WORKS_ON,{'role': 'Engineer'},2023-12-03T19:40:34.060866
user_75,Alice,Lead,proj_44,Hermes,WORKS_ON,{'role': 'Lead'},2023-11-12T19:40:34.060880
user_127,Bob,Manager,proj_20,Hermes,WORKS_ON,{'role': 'Manager'},2024-03-01T19:40:34.060889
user_74,Diana,Manager,proj_1,Apollo,WORKS_ON,{'role': 'Manager'},2024-07-01T19:40:34.060896
user_120,Bob,Intern,proj_32,Hermes,WORKS_ON,{'role': 'Intern'},2023-05-25T19:40:34.060910
user_27,Alice,Intern,proj_34,Hermes,WORKS_ON,{'role': 'Intern'},2023-07-25T19:40:34.060924
user_126,Judy,Intern,proj_28,Athena,WORKS_ON,{'role': 'Intern'},2023-09-24T19:40:34.060937
user_27,Frank,Manager,proj_28,Apollo,WORKS_ON,{'role': 'Manager'},2023-12-03T19:40:34.060951
user_63,Judy,Manager,proj_16,Hermes,WORKS_ON,{'role': 'Manager'},2024-09-12T19:40:34.060964
user_49,Ivan,Lead,proj_3,Zeus,WORKS_ON,{'role': 'Lead'},2024-12-17T19:40:34.060978
user_102,Frank,Engineer,proj_21,Apollo,WORKS_ON,{'role': 'Engineer'},2023-08-16T19:40:34.060989
user_17,Ivan,Engineer,proj_31,Apollo,WORKS_ON,{'role': 'Engineer'},2024-03-03T19:40:34.060997
user_137,Ivan,Engineer,proj_42,Zeus,WORKS_ON,{'role': 'Engineer'},2024-08-29T19:40:34.061005
user_84,Ivan,Lead,proj_43,Athena,WORKS_ON,{'role': 'Lead'},2025-03-11T19:40:34.061016
user_1,Bob,Lead,proj_47,Athena,WORKS_ON,{'role': 'Lead'},2024-11-26T19:40:34.061031
user_95,Charlie,Manager,proj_23,Hermes,WORKS_ON,{'role': 'Manager'},2025-04-25T19:40:34.061047
user_120,Bob,Intern,proj_30,Apollo,WORKS_ON,{'role': 'Intern'},2024-03-27T19:40:34.061056
user_51,Diana,Manager,proj_30,Zeus,WORKS_ON,{'role': 'Manager'},2024-05-27T19:40:34.061063
user_6,Ivan,Manager,proj_47,Athena,WORKS_ON,{'role': 'Manager'},2023-10-19T19:40:34.061072
user_51,Alice,Engineer,proj_2,Athena,WORKS_ON,{'role': 'Engineer'},2024-12-07T19:40:34.061079
user_104,Frank,Manager,proj_47,Zeus,WORKS_ON,{'role': 'Manager'},2023-05-19T19:40:34.061087
user_44,Ivan,Engineer,proj_8,Athena,WORKS_ON,{'role': 'Engineer'},2024-08-01T19:40:34.061094
user_39,Ivan,Intern,proj_34,Apollo,WORKS_ON,{'role': 'Intern'},2024-12-24T19:40:34.061101
user_75,Frank,Manager,proj_13,Athena,WORKS_ON,{'role': 'Manager'},2023-10-14T19:40:34.061109
user_2,Eve,Intern,proj_2,Zeus,WORKS_ON,{'role': 'Intern'},2024-02-05T19:40:34.061116
user_171,Heidi,Lead,proj_5,Zeus,WORKS_ON,{'role': 'Lead'},2024-08-22T19:40:34.061123
user_12,Ivan,Manager,proj_2,Hermes,WORKS_ON,{'role': 'Manager'},2025-05-03T19:40:34.061131
user_173,Bob,Lead,proj_40,Athena,WORKS_ON,{'role': 'Lead'},2024-12-15T19:40:34.061138
user_51,Heidi,Lead,proj_5,Zeus,WORKS_ON,{'role': 'Lead'},2024-09-25T19:40:34.061146
user_110,Bob,Manager,proj_49,Zeus,WORKS_ON,{'role': 'Manager'},2024-09-17T19:40:34.061153
user_138,Ivan,Manager,proj_49,Athena,WORKS_ON,{'role': 'Manager'},2025-04-29T19:40:34.061162
user_132,Eve,Intern,proj_20,Apollo,WORKS_ON,{'role': 'Intern'},2024-04-17T19:40:34.061169
user_173,Bob,Lead,proj_17,Athena,WORKS_ON,{'role': 'Lead'},2023-08-22T19:40:34.061176
user_161,Eve,Engineer,proj_49,Zeus,WORKS_ON,{'role': 'Engineer'},2023-10-30T19:40:34.061183
user_96,Judy,Engineer,proj_21,Zeus,WORKS_ON,{'role': 'Engineer'},2024-12-01T19:40:34.061190
user_97,Diana,Lead,proj_15,Hermes,WORKS_ON,{'role': 'Lead'},2025-04-01T19:40:34.061203
user_121,Alice,Manager,proj_6,Zeus,WORKS_ON,{'role': 'Manager'},2023-06-02T19:40:34.061215
user_84,Ivan,Lead,proj_8,Athena,WORKS_ON,{'role': 'Lead'},2024-09-07T19:40:34.061222
user_122,Frank,Lead,proj_50,Athena,WORKS_ON,{'role': 'Lead'},2023-09-06T19:40:34.061229
user_141,Judy,Manager,proj_28,Zeus,WORKS_ON,{'role': 'Manager'},2024-04-16T19:40:34.061237
user_158,Bob,Intern,proj_39,Zeus,WORKS_ON,{'role': 'Intern'},2024-04-06T19:40:34.061249
user_116,Ivan,Intern,proj_16,Athena,WORKS_ON,{'role': 'Intern'},2023-12-29T19:40:34.061261
user_111,Heidi,Lead,proj_6,Apollo,WORKS_ON,{'role': 'Lead'},2024-06-03T19:40:34.061268
user_58,Ivan,Engineer,proj_7,Hermes,WORKS_ON,{'role': 'Engineer'},2024-05-14T19:40:34.061275
user_56,Diana,Intern,proj_39,Athena,WORKS_ON,{'role': 'Intern'},2024-08-19T19:40:34.061282
user_196,Eve,Intern,proj_13,Zeus,WORKS_ON,{'role': 'Intern'},2023-07-07T19:40:34.061290
user_26,Charlie,Manager,proj_25,Zeus,WORKS_ON,{'role': 'Manager'},2025-01-20T19:40:34.061298
user_150,Alice,Lead,proj_22,Hermes,WORKS_ON,{'role': 'Lead'},2024-08-13T19:40:34.061306
user_27,Judy,Engineer,proj_7,Apollo,WORKS_ON,{'role': 'Engineer'},2023-10-28T19:40:34.061314
user_38,Alice,Lead,proj_41,Zeus,WORKS_ON,{'role': 'Lead'},2023-10-09T19:40:34.061322
user_5,Eve,Engineer,proj_10,Zeus,WORKS_ON,{'role': 'Engineer'},2023-11-30T19:40:34.061329
user_127,Frank,Engineer,proj_1,Hermes,WORKS_ON,{'role': 'Engineer'},2024-01-03T19:40:34.061336
user_169,Alice,Manager,proj_1,Hermes,WORKS_ON,{'role': 'Manager'},2024-08-10T19:40:34.061343
user_84,Grace,Manager,proj_45,Hermes,WORKS_ON,{'role': 'Manager'},2024-08-14T19:40:34.061351
user_132,Alice,Manager,proj_11,Hermes,WORKS_ON,{'role': 'Manager'},2024-02-13T19:40:34.061363
user_183,Frank,Manager,proj_46,Athena,WORKS_ON,{'role': 'Manager'},2024-06-06T19:40:34.061375
user_152,Heidi,Lead,proj_50,Hermes,WORKS_ON,{'role': 'Lead'},2025-02-09T19:40:34.061389
user_92,Diana,Engineer,proj_22,Zeus,WORKS_ON,{'role': 'Engineer'},2024-07-02T19:40:34.061401
user_84,Heidi,Lead,proj_42,Athena,WORKS_ON,{'role': 'Lead'},2024-10-31T19:40:34.061409
user_186,Diana,Engineer,proj_18,Hermes,WORKS_ON,{'role': 'Engineer'},2025-03-16T19:40:34.061416
user_108,Alice,Manager,proj_24,Athena,WORKS_ON,{'role': 'Manager'},2025-04-22T19:40:34.061426
user_199,Judy,Manager,proj_12,Apollo,WORKS_ON,{'role': 'Manager'},2024-08-22T19:40:34.061441
user_177,Judy,Lead,proj_47,Apollo,WORKS_ON,{'role': 'Lead'},2024-08-09T19:40:34.061451
user_150,Eve,Engineer,proj_37,Hermes,WORKS_ON,{'role': 'Engineer'},2023-10-17T19:40:34.061459
user_62,Eve,Manager,proj_48,Hermes,WORKS_ON,{'role': 'Manager'},2023-09-02T19:40:34.061466
user_191,Alice,Manager,proj_5,Apollo,WORKS_ON,{'role': 'Manager'},2025-03-07T19:40:34.061473
user_47,Heidi,Engineer,proj_24,Athena,WORKS_ON,{'role': 'Engineer'},2024-03-03T19:40:34.061481
user_69,Alice,Engineer,proj_50,Zeus,WORKS_ON,{'role': 'Engineer'},2023-06-23T19:40:34.061488
user_17,Grace,Lead,proj_49,Hermes,WORKS_ON,{'role': 'Lead'},2024-06-18T19:40:34.061495
user_112,Alice,Lead,proj_25,Apollo,WORKS_ON,{'role': 'Lead'},2025-01-26T19:40:34.061503
user_71,Alice,Lead,proj_39,Zeus,WORKS_ON,{'role': 'Lead'},2024-04-13T19:40:34.061510
user_157,Grace,Manager,proj_50,Apollo,WORKS_ON,{'role': 'Manager'},2025-05-07T19:40:34.061517
user_178,Bob,Engineer,proj_29,Apollo,WORKS_ON,{'role': 'Engineer'},2023-12-08T19:40:34.061525
user_135,Grace,Engineer,proj_48,Apollo,WORKS_ON,{'role': 'Engineer'},2024-08-25T19:40:34.061532
user_135,Heidi,Intern,proj_5,Zeus,WORKS_ON,{'role': 'Intern'},2025-03-03T19:40:34.061542
user_6,Grace,Lead,proj_41,Zeus,WORKS_ON,{'role': 'Lead'},2024-04-21T19:40:34.061554
user_144,Bob,Intern,proj_31,Zeus,WORKS_ON,{'role': 'Intern'},2024-02-11T19:40:34.061566
user_15,Heidi,Manager,proj_28,Athena,WORKS_ON,{'role': 'Manager'},2024-07-21T19:40:34.061579
user_52,Charlie,Intern,proj_19,Apollo,WORKS_ON,{'role': 'Intern'},2024-05-12T19:40:34.061594
user_185,Eve,Lead,proj_10,Zeus,WORKS_ON,{'role': 'Lead'},2023-07-13T19:40:34.061605
user_97,Frank,Engineer,proj_10,Apollo,WORKS_ON,{'role': 'Engineer'},2025-02-11T19:40:34.061617
user_61,Heidi,Lead,proj_5,Athena,WORKS_ON,{'role': 'Lead'},2023-06-10T19:40:34.061629
user_114,Charlie,Engineer,proj_35,Apollo,WORKS_ON,{'role': 'Engineer'},2025-03-15T19:40:34.061642
user_133,Heidi,Lead,proj_29,Athena,WORKS_ON,{'role': 'Lead'},2025-01-03T19:40:34.061653
user_72,Grace,Manager,proj_21,Zeus,WORKS_ON,{'role': 'Manager'},2023-06-09T19:40:34.061661
user_20,Ivan,Engineer,proj_33,Apollo,WORKS_ON,{'role': 'Engineer'},2023-10-05T19:40:34.061668
user_159,Ivan,Engineer,proj_3,Apollo,WORKS_ON,{'role': 'Engineer'},2024-03-12T19:40:34.061675
user_184,Heidi,Engineer,proj_14,Hermes,WORKS_ON,{'role': 'Engineer'},2024-04-16T19:40:34.061683
user_92,Charlie,Manager,proj_27,Zeus,WORKS_ON,{'role': 'Manager'},2024-09-06T19:40:34.061694
user_5,Eve,Intern,proj_44,Athena,WORKS_ON,{'role': 'Intern'},2024-05-04T19:40:34.061707
user_100,Alice,Engineer,proj_13,Apollo,WORKS_ON,{'role': 'Engineer'},2023-08-20T19:40:34.061719
user_187,Heidi,Manager,proj_21,Hermes,WORKS_ON,{'role': 'Manager'},2023-07-25T19:40:34.061732
user_32,Heidi,Manager,proj_4,Athena,WORKS_ON,{'role': 'Manager'},2024-03-25T19:40:34.061745
user_23,Charlie,Lead,proj_44,Athena,WORKS_ON,{'role': 'Lead'},2024-07-05T19:40:34.061759
user_22,Grace,Lead,proj_43,Apollo,WORKS_ON,{'role': 'Lead'},2025-02-13T19:40:34.061773
user_83,Diana,Intern,proj_41,Zeus,WORKS_ON,{'role': 'Intern'},2023-09-18T19:40:34.061787
user_51,Grace,Intern,proj_6,Hermes,WORKS_ON,{'role': 'Intern'},2024-09-19T19:40:34.061800
user_178,Grace,Lead,proj_3,Athena,WORKS_ON,{'role': 'Lead'},2024-03-20T19:40:34.061813
user_76,Frank,Engineer,proj_36,Apollo,WORKS_ON,{'role': 'Engineer'},2023-12-03T19:40:34.061823
user_111,Eve,Lead,proj_48,Apollo,WORKS_ON,{'role': 'Lead'},2023-10-16T19:40:34.061831
user_18,Ivan,Intern,proj_24,Zeus,WORKS_ON,{'role': 'Intern'},2024-03-14T19:40:34.061839
user_118,Judy,Lead,proj_3,Zeus,WORKS_ON,{'role': 'Lead'},2023-10-27T19:40:34.061846
user_44,Judy,Intern,proj_20,Zeus,WORKS_ON,{'role': 'Intern'},2023-10-22T19:40:34.061853
user_194,Diana,Engineer,proj_21,Apollo,WORKS_ON,{'role': 'Engineer'},2023-10-14T19:40:34.061861
user_45,Heidi,Lead,proj_46,Zeus,WORKS_ON,{'role': 'Lead'},2024-02-19T19:40:34.061868
user_174,Eve,Engineer,proj_22,Athena,WORKS_ON,{'role': 'Engineer'},2024-05-11T19:40:34.061876
user_9,Eve,Engineer,proj_11,Hermes,WORKS_ON,{'role': 'Engineer'},2023-10-16T19:40:34.061884
user_150,Frank,Intern,proj_8,Athena,WORKS_ON,{'role': 'Intern'},2023-10-04T19:40:34.061891
user_64,Diana,Engineer,proj_17,Zeus,WORKS_ON,{'role': 'Engineer'},2024-12-05T19:40:34.061898
user_91,Grace,Manager,proj_41,Hermes,WORKS_ON,{'role': 'Manager'},2024-05-05T19:40:34.061906
user_147,Judy,Lead,proj_23,Apollo,WORKS_ON,{'role': 'Lead'},2024-06-20T19:40:34.061914
user_99,Eve,Manager,proj_1,Zeus,WORKS_ON,{'role': 'Manager'},2023-05-15T19:40:34.061926
user_172,Grace,Engineer,proj_37,Athena,WORKS_ON,{'role': 'Engineer'},2025-03-30T19:40:34.061939
user_124,Diana,Manager,proj_33,Hermes,WORKS_ON,{'role': 'Manager'},2024-04-16T19:40:34.061954
user_112,Eve,Intern,proj_22,Apollo,WORKS_ON,{'role': 'Intern'},2023-11-20T19:40:34.061962
user_24,Judy,Intern,proj_47,Athena,WORKS_ON,{'role': 'Intern'},2025-03-09T19:40:34.061970
user_59,Diana,Intern,proj_46,Hermes,WORKS_ON,{'role': 'Intern'},2023-10-26T19:40:34.061979
user_154,Grace,Intern,proj_32,Zeus,WORKS_ON,{'role': 'Intern'},2024-04-11T19:40:34.062003
user_165,Bob,Lead,proj_40,Apollo,WORKS_ON,{'role': 'Lead'},2023-09-29T19:40:34.062016
user_157,Heidi,Engineer,proj_28,Hermes,WORKS_ON,{'role': 'Engineer'},2023-08-17T19:40:34.062029
user_23,Frank,Intern,proj_14,Athena,WORKS_ON,{'role': 'Intern'},2025-01-07T19:40:34.062042
user_81,Alice,Lead,proj_34,Hermes,WORKS_ON,{'role': 'Lead'},2023-11-25T19:40:34.062054
user_95,Grace,Manager,proj_26,Athena,WORKS_ON,{'role': 'Manager'},2025-04-28T19:40:34.062640
user_62,Ivan,Engineer,proj_31,Hermes,WORKS_ON,{'role': 'Engineer'},2024-01-20T19:40:34.062668
user_77,Frank,Engineer,proj_21,Apollo,WORKS_ON,{'role': 'Engineer'},2023-05-14T19:40:34.062688
user_191,Diana,Intern,proj_37,Zeus,WORKS_ON,{'role': 'Intern'},2024-11-19T19:40:34.062701
user_168,Ivan,Intern,proj_33,Zeus,WORKS_ON,{'role': 'Intern'},2025-04-25T19:40:34.062715
user_172,Heidi,Lead,proj_33,Hermes,WORKS_ON,{'role': 'Lead'},2025-01-21T19:40:34.062725
user_77,Grace,Intern,proj_17,Hermes,WORKS_ON,{'role': 'Intern'},2023-08-06T19:40:34.062732
user_127,Charlie,Intern,proj_43,Athena,WORKS_ON,{'role': 'Intern'},2024-09-24T19:40:34.062740
user_143,Frank,Intern,proj_13,Athena,WORKS_ON,{'role': 'Intern'},2024-12-23T19:40:34.062747
user_21,Frank,Engineer,proj_11,Zeus,WORKS_ON,{'role': 'Engineer'},2025-03-18T19:40:34.062755
user_25,Charlie,Manager,proj_10,Zeus,WORKS_ON,{'role': 'Manager'},2024-11-26T19:40:34.062762
user_8,Eve,Engineer,proj_19,Zeus,WORKS_ON,{'role': 'Engineer'},2024-09-07T19:40:34.062771
user_125,Diana,Intern,proj_7,Apollo,WORKS_ON,{'role': 'Intern'},2024-11-03T19:40:34.062779
user_42,Grace,Lead,proj_48,Apollo,WORKS_ON,{'role': 'Lead'},2023-12-19T19:40:34.062786
user_1,Eve,Intern,proj_4,Apollo,WORKS_ON,{'role': 'Intern'},2024-05-07T19:40:34.062803
user_42,Heidi,Lead,proj_39,Apollo,WORKS_ON,{'role': 'Lead'},2024-10-23T19:40:34.062811
user_12,Ivan,Lead,proj_48,Hermes,WORKS_ON,{'role': 'Lead'},2023-05-31T19:40:34.062819
user_150,Eve,Engineer,proj_6,Hermes,WORKS_ON,{'role': 'Engineer'},2023-12-03T19:40:34.062827
user_32,Ivan,Lead,proj_29,Zeus,WORKS_ON,{'role': 'Lead'},2023-08-06T19:40:34.062834
user_195,Charlie,Lead,proj_12,Athena,WORKS_ON,{'role': 'Lead'},2024-06-24T19:40:34.062841
user_65,Alice,Intern,proj_41,Zeus,WORKS_ON,{'role': 'Intern'},2023-09-13T19:40:34.062850
user_26,Frank,Lead,proj_28,Hermes,WORKS_ON,{'role': 'Lead'},2024-11-02T19:40:34.062861
user_137,Frank,Intern,proj_24,Hermes,WORKS_ON,{'role': 'Intern'},2023-06-04T19:40:34.062869
user_107,Charlie,Lead,proj_35,Apollo,WORKS_ON,{'role': 'Lead'},2024-11-08T19:40:34.062876
user_156,Grace,Lead,proj_23,Hermes,WORKS_ON,{'role': 'Lead'},2024-09-02T19:40:34.062887
user_131,Diana,Manager,proj_6,Athena,WORKS_ON,{'role': 'Manager'},2023-11-16T19:40:34.062899
user_80,Bob,Engineer,proj_10,Apollo,WORKS_ON,{'role': 'Engineer'},2024-07-14T19:40:34.062915
user_198,Judy,Lead,proj_19,Apollo,WORKS_ON,{'role': 'Lead'},2024-02-10T19:40:34.062922
user_28,Frank,Engineer,proj_3,Hermes,WORKS_ON,{'role': 'Engineer'},2025-04-22T19:40:34.062930
user_102,Ivan,Lead,proj_14,Athena,WORKS_ON,{'role': 'Lead'},2024-05-30T19:40:34.062937
user_87,Judy,Manager,proj_19,Zeus,WORKS_ON,{'role': 'Manager'},2023-11-13T19:40:34.062948
user_99,Heidi,Manager,proj_20,Zeus,WORKS_ON,{'role': 'Manager'},2024-03-17T19:40:34.062955
user_34,Frank,Engineer,proj_7,Apollo,WORKS_ON,{'role': 'Engineer'},2024-09-24T19:40:34.062962
user_91,Diana,Intern,proj_32,Apollo,WORKS_ON,{'role': 'Intern'},2025-04-15T19:40:34.062969
user_145,Bob,Manager,proj_6,Zeus,WORKS_ON,{'role': 'Manager'},2024-12-17T19:40:34.062977
user_88,Charlie,Lead,proj_26,Zeus,WORKS_ON,{'role': 'Lead'},2024-01-17T19:40:34.062984
user_176,Diana,Intern,proj_8,Athena,WORKS_ON,{'role': 'Intern'},2024-07-21T19:40:34.062992
user_134,Ivan,Lead,proj_43,Hermes,WORKS_ON,{'role': 'Lead'},2024-06-05T19:40:34.063005
user_99,Frank,Intern,proj_39,Zeus,WORKS_ON,{'role': 'Intern'},2023-09-08T19:40:34.063017
user_101,Heidi,Manager,proj_1,Athena,WORKS_ON,{'role': 'Manager'},2024-04-09T19:40:34.063029
user_30,Ivan,Manager,proj_44,Zeus,WORKS_ON,{'role': 'Manager'},2024-06-07T19:40:34.063039
user_27,Heidi,Lead,proj_38,Athena,WORKS_ON,{'role': 'Lead'},2024-10-22T19:40:34.063047
user_178,Alice,Intern,proj_38,Apollo,WORKS_ON,{'role': 'Intern'},2024-04-25T19:40:34.063054
user_5,Eve,Intern,proj_12,Zeus,WORKS_ON,{'role': 'Intern'},2024-12-25T19:40:34.063064
user_27,Heidi,Manager,proj_8,Athena,WORKS_ON,{'role': 'Manager'},2024-07-19T19:40:34.063077
user_192,Heidi,Engineer,proj_50,Athena,WORKS_ON,{'role': 'Engineer'},2024-03-22T19:40:34.063089
user_169,Diana,Lead,proj_46,Zeus,WORKS_ON,{'role': 'Lead'},2023-07-21T19:40:34.063110
user_127,Bob,Lead,proj_3,Zeus,WORKS_ON,{'role': 'Lead'},2024-06-01T19:40:34.063123
user_60,Ivan,Intern,proj_43,Zeus,WORKS_ON,{'role': 'Intern'},2023-07-20T19:40:34.063136
user_192,Judy,Lead,proj_41,Athena,WORKS_ON,{'role': 'Lead'},2024-04-08T19:40:34.063149
user_26,Alice,Lead,proj_33,Athena,WORKS_ON,{'role': 'Lead'},2024-11-01T19:40:34.063159
user_10,Judy,Intern,proj_2,Hermes,WORKS_ON,{'role': 'Intern'},2024-08-31T19:40:34.063166
user_92,Eve,Engineer,proj_4,Zeus,WORKS_ON,{'role': 'Engineer'},2023-11-23T19:40:34.063177
user_132,Eve,Intern,proj_7,Zeus,WORKS_ON,{'role': 'Intern'},2024-08-30T19:40:34.063190
user_179,Frank,Intern,proj_5,Hermes,WORKS_ON,{'role': 'Intern'},2024-02-28T19:40:34.063201
user_44,Ivan,Intern,proj_26,Athena,WORKS_ON,{'role': 'Intern'},2024-08-05T19:40:34.063209
user_175,Eve,Manager,proj_3,Hermes,WORKS_ON,{'role': 'Manager'},2024-01-21T19:40:34.063217
user_80,Frank,Lead,proj_23,Zeus,WORKS_ON,{'role': 'Lead'},2023-10-23T19:40:34.063224
user_90,Grace,Lead,proj_9,Zeus,WORKS_ON,{'role': 'Lead'},2024-02-09T19:40:34.063235
user_142,Charlie,Intern,proj_47,Athena,WORKS_ON,{'role': 'Intern'},2023-10-16T19:40:34.063247
user_196,Ivan,Engineer,proj_30,Apollo,WORKS_ON,{'role': 'Engineer'},2025-03-18T19:40:34.063256
user_39,Bob,Manager,proj_35,Athena,WORKS_ON,{'role': 'Manager'},2024-07-24T19:40:34.063264
user_44,Bob,Lead,proj_2,Zeus,WORKS_ON,{'role': 'Lead'},2023-10-28T19:40:34.063276
user_159,Heidi,Lead,proj_1,Athena,WORKS_ON,{'role': 'Lead'},2024-05-15T19:40:34.063284
user_78,Alice,Lead,proj_24,Hermes,WORKS_ON,{'role': 'Lead'},2024-04-16T19:40:34.063291
user_159,Frank,Intern,proj_12,Apollo,WORKS_ON,{'role': 'Intern'},2023-08-07T19:40:34.063298
user_103,Grace,Intern,proj_40,Hermes,WORKS_ON,{'role': 'Intern'},2023-08-23T19:40:34.063306
user_23,Judy,Lead,proj_49,Athena,WORKS_ON,{'role': 'Lead'},2024-06-18T19:40:34.063318
user_57,Diana,Lead,proj_20,Hermes,WORKS_ON,{'role': 'Lead'},2025-03-28T19:40:34.063331
user_83,Bob,Lead,proj_13,Zeus,WORKS_ON,{'role': 'Lead'},2023-06-11T19:40:34.063346
user_79,Diana,Engineer,proj_3,Zeus,WORKS_ON,{'role': 'Engineer'},2023-07-20T19:40:34.063353
user_28,Bob,Manager,proj_29,Hermes,WORKS_ON,{'role': 'Manager'},2024-08-23T19:40:34.063360
user_193,Charlie,Lead,proj_31,Apollo,WORKS_ON,{'role': 'Lead'},2024-06-09T19:40:34.063372
user_38,Diana,Manager,proj_36,Zeus,WORKS_ON,{'role': 'Manager'},2024-03-06T19:40:34.063380
user_144,Grace,Engineer,proj_6,Hermes,WORKS_ON,{'role': 'Engineer'},2024-01-06T19:40:34.063387
user_82,Heidi,Intern,proj_43,Hermes,WORKS_ON,{'role': 'Intern'},2023-12-26T19:40:34.063395
user_189,Judy,Lead,proj_20,Zeus,WORKS_ON,{'role': 'Lead'},2023-11-19T19:40:34.063402
user_42,Bob,Manager,proj_1,Athena,WORKS_ON,{'role': 'Manager'},2023-11-19T19:40:34.063431
user_168,Judy,Engineer,proj_32,Hermes,WORKS_ON,{'role': 'Engineer'},2024-02-20T19:40:34.063448
user_21,Diana,Intern,proj_37,Hermes,WORKS_ON,{'role': 'Intern'},2024-08-24T19:40:34.063461
user_86,Judy,Intern,proj_4,Zeus,WORKS_ON,{'role': 'Intern'},2025-02-11T19:40:34.063478
user_117,Frank,Lead,proj_1,Athena,WORKS_ON,{'role': 'Lead'},2023-08-18T19:40:34.063485
user_41,Eve,Intern,proj_34,Apollo,WORKS_ON,{'role': 'Intern'},2023-11-07T19:40:34.063494
user_38,Charlie,Lead,proj_17,Athena,WORKS_ON,{'role': 'Lead'},2025-02-20T19:40:34.063502
user_124,Bob,Intern,proj_26,Apollo,WORKS_ON,{'role': 'Intern'},2024-04-26T19:40:34.063511
user_184,Frank,Manager,proj_50,Athena,WORKS_ON,{'role': 'Manager'},2024-01-24T19:40:34.063530
user_68,Diana,Engineer,proj_4,Hermes,WORKS_ON,{'role': 'Engineer'},2024-05-03T19:40:34.063542
user_167,Bob,Engineer,proj_2,Hermes,WORKS_ON,{'role': 'Engineer'},2025-01-15T19:40:34.063555
user_148,Ivan,Engineer,proj_29,Apollo,WORKS_ON,{'role': 'Engineer'},2024-09-13T19:40:34.063567
user_39,Alice,Lead,proj_43,Apollo,WORKS_ON,{'role': 'Lead'},2023-11-03T19:40:34.063580
user_85,Ivan,Intern,proj_5,Athena,WORKS_ON,{'role': 'Intern'},2024-12-04T19:40:34.063593
user_142,Alice,Lead,proj_25,Hermes,WORKS_ON,{'role': 'Lead'},2023-11-26T19:40:34.063607
user_155,Eve,Engineer,proj_23,Hermes,WORKS_ON,{'role': 'Engineer'},2024-09-29T19:40:34.063621
user_198,Frank,Lead,proj_30,Athena,WORKS_ON,{'role': 'Lead'},2024-05-24T19:40:34.063635
user_143,Charlie,Lead,proj_27,Hermes,WORKS_ON,{'role': 'Lead'},2023-10-08T19:40:34.063648
user_46,Heidi,Manager,proj_46,Apollo,WORKS_ON,{'role': 'Manager'},2023-07-20T19:40:34.063662
user_136,Charlie,Manager,proj_45,Athena,WORKS_ON,{'role': 'Manager'},2025-01-06T19:40:34.063674
user_91,Judy,Intern,proj_13,Zeus,WORKS_ON,{'role': 'Intern'},2023-10-01T19:40:34.063692
user_164,Diana,Intern,proj_49,Zeus,WORKS_ON,{'role': 'Intern'},2023-07-04T19:40:34.063706
user_68,Eve,Manager,proj_7,Apollo,WORKS_ON,{'role': 'Manager'},2025-05-12T19:40:34.063719
user_125,Grace,Manager,proj_29,Apollo,WORKS_ON,{'role': 'Manager'},2025-01-24T19:40:34.063734
user_173,Alice,Intern,proj_17,Athena,WORKS_ON,{'role': 'Intern'},2023-06-18T19:40:34.063748
user_99,Frank,Lead,proj_18,Athena,WORKS_ON,{'role': 'Lead'},2024-03-09T19:40:34.063761
user_70,Grace,Intern,proj_17,Hermes,WORKS_ON,{'role': 'Intern'},2024-10-30T19:40:34.063774
user_80,Grace,Lead,proj_22,Apollo,WORKS_ON,{'role': 'Lead'},2024-09-09T19:40:34.063787
user_127,Diana,Engineer,proj_46,Apollo,WORKS_ON,{'role': 'Engineer'},2024-06-10T19:40:34.063799
user_56,Heidi,Manager,proj_44,Apollo,WORKS_ON,{'role': 'Manager'},2024-03-12T19:40:34.063812
user_83,Charlie,Manager,proj_8,Hermes,WORKS_ON,{'role': 'Manager'},2025-02-09T19:40:34.063819
user_85,Judy,Engineer,proj_39,Hermes,WORKS_ON,{'role': 'Engineer'},2025-04-20T19:40:34.063827
user_156,Eve,Intern,proj_29,Athena,WORKS_ON,{'role': 'Intern'},2024-06-07T19:40:34.063834
user_109,Diana,Intern,proj_31,Athena,WORKS_ON,{'role': 'Intern'},2024-03-30T19:40:34.063842
user_86,Alice,Intern,proj_10,Athena,WORKS_ON,{'role': 'Intern'},2024-10-23T19:40:34.063849
user_147,Bob,Manager,proj_13,Zeus,WORKS_ON,{'role': 'Manager'},2024-10-15T19:40:34.063857
user_69,Frank,Lead,proj_34,Apollo,WORKS_ON,{'role': 'Lead'},2023-10-28T19:40:34.063864
user_167,Heidi,Intern,proj_44,Hermes,WORKS_ON,{'role': 'Intern'},2024-08-10T19:40:34.063871
user_11,Grace,Lead,proj_36,Zeus,WORKS_ON,{'role': 'Lead'},2024-01-29T19:40:34.063879
user_124,Heidi,Manager,proj_50,Zeus,WORKS_ON,{'role': 'Manager'},2024-03-31T19:40:34.063889
user_44,Ivan,Intern,proj_15,Hermes,WORKS_ON,{'role': 'Intern'},2024-01-30T19:40:34.063896
user_135,Diana,Intern,proj_18,Apollo,WORKS_ON,{'role': 'Intern'},2023-07-12T19:40:34.063904
user_82,Judy,Lead,proj_8,Hermes,WORKS_ON,{'role': 'Lead'},2024-12-26T19:40:34.063911
user_53,Eve,Lead,proj_13,Athena,WORKS_ON,{'role': 'Lead'},2023-10-31T19:40:34.063919
user_22,Bob,Intern,proj_9,Athena,WORKS_ON,{'role': 'Intern'},2023-08-02T19:40:34.063926
user_128,Charlie,Manager,proj_33,Athena,WORKS_ON,{'role': 'Manager'},2025-04-05T19:40:34.063933
user_28,Ivan,Intern,proj_6,Zeus,WORKS_ON,{'role': 'Intern'},2025-04-28T19:40:34.063945
user_23,Judy,Manager,proj_20,Hermes,WORKS_ON,{'role': 'Manager'},2023-08-20T19:40:34.063952
user_76,Heidi,Lead,proj_24,Hermes,WORKS_ON,{'role': 'Lead'},2024-12-31T19:40:34.063960
user_41,Judy,Engineer,proj_1,Hermes,WORKS_ON,{'role': 'Engineer'},2024-09-24T19:40:34.063967
user_140,Ivan,Manager,proj_15,Zeus,WORKS_ON,{'role': 'Manager'},2024-10-04T19:40:34.063975
user_126,Ivan,Manager,proj_7,Hermes,WORKS_ON,{'role': 'Manager'},2025-03-18T19:40:34.063983
user_55,Judy,Manager,proj_1,Hermes,WORKS_ON,{'role': 'Manager'},2023-08-08T19:40:34.063990
user_10,Judy,Engineer,proj_17,Athena,WORKS_ON,{'role': 'Engineer'},2024-05-22T19:40:34.063997
user_177,Eve,Manager,proj_38,Athena,WORKS_ON,{'role': 'Manager'},2025-02-27T19:40:34.064005
user_67,Ivan,Lead,proj_13,Zeus,WORKS_ON,{'role': 'Lead'},2024-09-19T19:40:34.064013
user_28,Alice,Manager,proj_14,Hermes,WORKS_ON,{'role': 'Manager'},2024-09-26T19:40:34.064020
user_165,Ivan,Lead,proj_36,Zeus,WORKS_ON,{'role': 'Lead'},2023-06-02T19:40:34.064029
user_58,Diana,Manager,proj_42,Athena,WORKS_ON,{'role': 'Manager'},2023-11-14T19:40:34.064037
user_157,Diana,Manager,proj_13,Hermes,WORKS_ON,{'role': 'Manager'},2023-12-26T19:40:34.064045
user_18,Alice,Lead,proj_37,Apollo,WORKS_ON,{'role': 'Lead'},2025-03-05T19:40:34.064052
user_171,Heidi,Lead,proj_2,Hermes,WORKS_ON,{'role': 'Lead'},2025-04-08T19:40:34.064060
user_59,Eve,Lead,proj_14,Zeus,WORKS_ON,{'role': 'Lead'},2025-02-05T19:40:34.064067
user_135,Bob,Engineer,proj_45,Zeus,WORKS_ON,{'role': 'Engineer'},2024-09-14T19:40:34.064076
user_185,Alice,Lead,proj_9,Hermes,WORKS_ON,{'role': 'Lead'},2024-04-24T19:40:34.064089
user_123,Diana,Intern,proj_39,Apollo,WORKS_ON,{'role': 'Intern'},2023-08-20T19:40:34.064102
user_180,Eve,Intern,proj_1,Apollo,WORKS_ON,{'role': 'Intern'},2025-03-26T19:40:34.064113
user_71,Bob,Lead,proj_50,Apollo,WORKS_ON,{'role': 'Lead'},2023-12-01T19:40:34.064120
user_104,Alice,Lead,proj_6,Hermes,WORKS_ON,{'role': 'Lead'},2024-11-19T19:40:34.064128
user_112,Judy,Manager,proj_14,Hermes,WORKS_ON,{'role': 'Manager'},2023-11-11T19:40:34.064136
user_174,Judy,Engineer,proj_36,Athena,WORKS_ON,{'role': 'Engineer'},2023-07-16T19:40:34.064144
user_5,Eve,Intern,proj_14,Apollo,WORKS_ON,{'role': 'Intern'},2025-01-25T19:40:34.064159
user_3,Grace,Intern,proj_26,Apollo,WORKS_ON,{'role': 'Intern'},2025-03-12T19:40:34.064176
user_156,Charlie,Intern,proj_38,Hermes,WORKS_ON,{'role': 'Intern'},2023-12-05T19:40:34.064189
user_12,Judy,Lead,proj_37,Zeus,WORKS_ON,{'role': 'Lead'},2023-10-17T19:40:34.064203
user_79,Charlie,Lead,proj_4,Hermes,WORKS_ON,{'role': 'Lead'},2024-01-19T19:40:34.064216
user_71,Alice,Manager,proj_47,Hermes,WORKS_ON,{'role': 'Manager'},2024-10-12T19:40:34.064229
user_88,Grace,Intern,proj_9,Apollo,WORKS_ON,{'role': 'Intern'},2025-05-07T19:40:34.064239
user_59,Ivan,Engineer,proj_8,Athena,WORKS_ON,{'role': 'Engineer'},2023-09-25T19:40:34.064247
user_34,Grace,Engineer,proj_17,Athena,WORKS_ON,{'role': 'Engineer'},2023-10-03T19:40:34.064256
user_101,Frank,Lead,proj_39,Apollo,WORKS_ON,{'role': 'Lead'},2023-10-14T19:40:34.064269
user_22,Judy,Intern,proj_16,Hermes,WORKS_ON,{'role': 'Intern'},2025-05-11T19:40:34.064279
user_91,Ivan,Intern,proj_16,Apollo,WORKS_ON,{'role': 'Intern'},2023-07-11T19:40:34.064288
user_176,Bob,Intern,proj_37,Athena,WORKS_ON,{'role': 'Intern'},2025-04-27T19:40:34.064295
user_12,Bob,Engineer,proj_29,Hermes,WORKS_ON,{'role': 'Engineer'},2024-04-03T19:40:34.064302
user_69,Ivan,Lead,proj_26,Athena,WORKS_ON,{'role': 'Lead'},2025-02-17T19:40:34.064310
user_45,Ivan,Lead,proj_35,Hermes,WORKS_ON,{'role': 'Lead'},2023-11-22T19:40:34.064317
user_132,Frank,Lead,proj_27,Apollo,WORKS_ON,{'role': 'Lead'},2025-05-01T19:40:34.064325
user_92,Eve,Intern,proj_1,Athena,WORKS_ON,{'role': 'Intern'},2024-08-30T19:40:34.064333
user_165,Diana,Intern,proj_7,Zeus,WORKS_ON,{'role': 'Intern'},2024-05-04T19:40:34.064340
user_12,Charlie,Manager,proj_3,Athena,WORKS_ON,{'role': 'Manager'},2025-03-12T19:40:34.064348
user_14,Heidi,Manager,proj_46,Zeus,WORKS_ON,{'role': 'Manager'},2023-10-08T19:40:34.064355
user_188,Bob,Lead,proj_16,Apollo,WORKS_ON,{'role': 'Lead'},2023-09-24T19:40:34.064362
user_64,Ivan,Intern,proj_10,Athena,WORKS_ON,{'role': 'Intern'},2024-01-07T19:40:34.064373
user_179,Ivan,Lead,proj_47,Apollo,WORKS_ON,{'role': 'Lead'},2023-11-17T19:40:34.064385
user_33,Heidi,Lead,proj_12,Athena,WORKS_ON,{'role': 'Lead'},2024-10-16T19:40:34.064394
user_2,Diana,Manager,proj_42,Athena,WORKS_ON,{'role': 'Manager'},2024-07-12T19:40:34.064401
user_5,Diana,Lead,proj_7,Athena,WORKS_ON,{'role': 'Lead'},2024-09-24T19:40:34.064413
user_104,Grace,Lead,proj_7,Apollo,WORKS_ON,{'role': 'Lead'},2025-04-23T19:40:34.064420
user_156,Grace,Lead,proj_36,Apollo,WORKS_ON,{'role': 'Lead'},2023-08-23T19:40:34.064427
user_191,Alice,Intern,proj_42,Hermes,WORKS_ON,{'role': 'Intern'},2024-09-24T19:40:34.064435
user_179,Judy,Lead,proj_33,Hermes,WORKS_ON,{'role': 'Lead'},2024-10-01T19:40:34.064442
user_84,Charlie,Manager,proj_48,Zeus,WORKS_ON,{'role': 'Manager'},2024-02-21T19:40:34.064450
user_150,Judy,Manager,proj_50,Zeus,WORKS_ON,{'role': 'Manager'},2023-05-26T19:40:34.064458
user_157,Bob,Intern,proj_42,Athena,WORKS_ON,{'role': 'Intern'},2024-08-18T19:40:34.064465
user_190,Grace,Lead,proj_3,Athena,WORKS_ON,{'role': 'Lead'},2023-10-04T19:40:34.064472
user_134,Alice,Engineer,proj_20,Athena,WORKS_ON,{'role': 'Engineer'},2024-11-05T19:40:34.064479
user_78,Diana,Lead,proj_8,Apollo,WORKS_ON,{'role': 'Lead'},2025-05-03T19:40:34.064492
user_82,Charlie,Engineer,proj_49,Apollo,WORKS_ON,{'role': 'Engineer'},2025-04-27T19:40:34.064505
user_74,Alice,Engineer,proj_36,Hermes,WORKS_ON,{'role': 'Engineer'},2025-01-28T19:40:34.064512
user_89,Frank,Manager,proj_17,Zeus,WORKS_ON,{'role': 'Manager'},2024-04-09T19:40:34.064520
user_25,Frank,Intern,proj_22,Zeus,WORKS_ON,{'role': 'Intern'},2024-07-13T19:40:34.064527
user_187,Eve,Manager,proj_39,Zeus,WORKS_ON,{'role': 'Manager'},2024-02-10T19:40:34.064534
user_171,Heidi,Intern,proj_4,Hermes,WORKS_ON,{'role': 'Intern'},2023-06-12T19:40:34.064542
user_51,Bob,Engineer,proj_30,Apollo,WORKS_ON,{'role': 'Engineer'},2024-12-28T19:40:34.064549
user_192,Ivan,Intern,proj_32,Zeus,WORKS_ON,{'role': 'Intern'},2023-07-10T19:40:34.064557
user_199,Judy,Intern,proj_24,Zeus,WORKS_ON,{'role': 'Intern'},2025-04-22T19:40:34.064564
user_9,Eve,Lead,proj_50,Apollo,WORKS_ON,{'role': 'Lead'},2023-08-20T19:40:34.064571
user_46,Diana,Engineer,proj_8,Apollo,WORKS_ON,{'role': 'Engineer'},2023-10-08T19:40:34.064579
user_39,Diana,Engineer,proj_46,Hermes,WORKS_ON,{'role': 'Engineer'},2023-08-13T19:40:34.064586
user_192,Judy,Manager,proj_22,Zeus,WORKS_ON,{'role': 'Manager'},2025-03-01T19:40:34.064593
user_153,Judy,Intern,proj_27,Zeus,WORKS_ON,{'role': 'Intern'},2025-05-03T19:40:34.064603
user_30,Heidi,Manager,proj_39,Hermes,WORKS_ON,{'role': 'Manager'},2024-06-13T19:40:34.064615
user_2,Judy,Lead,proj_18,Hermes,WORKS_ON,{'role': 'Lead'},2024-11-17T19:40:34.064629
user_95,Diana,Engineer,proj_18,Hermes,WORKS_ON,{'role': 'Engineer'},2024-05-02T19:40:34.064637
user_143,Frank,Lead,proj_35,Apollo,WORKS_ON,{'role': 'Lead'},2025-03-11T19:40:34.064644
user_122,Bob,Manager,proj_21,Hermes,WORKS_ON,{'role': 'Manager'},2023-07-26T19:40:34.064651
user_106,Eve,Intern,proj_30,Zeus,WORKS_ON,{'role': 'Intern'},2024-04-14T19:40:34.064659
user_137,Eve,Manager,proj_24,Apollo,WORKS_ON,{'role': 'Manager'},2023-07-11T19:40:34.064666
user_29,Alice,Lead,proj_48,Apollo,WORKS_ON,{'role': 'Lead'},2024-04-13T19:40:34.064673
user_145,Diana,Engineer,proj_43,Zeus,WORKS_ON,{'role': 'Engineer'},2025-02-19T19:40:34.064681
user_126,Eve,Manager,proj_15,Athena,WORKS_ON,{'role': 'Manager'},2023-12-05T19:40:34.064689
user_63,Alice,Lead,proj_46,Apollo,WORKS_ON,{'role': 'Lead'},2025-01-10T19:40:34.064696
user_80,Alice,Manager,proj_45,Zeus,WORKS_ON,{'role': 'Manager'},2024-01-08T19:40:34.064703
user_164,Eve,Lead,proj_37,Athena,WORKS_ON,{'role': 'Lead'},2024-08-16T19:40:34.064710
user_26,Diana,Engineer,proj_15,Athena,WORKS_ON,{'role': 'Engineer'},2024-12-26T19:40:34.064718
user_60,Alice,Manager,proj_47,Zeus,WORKS_ON,{'role': 'Manager'},2025-01-02T19:40:34.064725
user_16,Heidi,Intern,proj_46,Zeus,WORKS_ON,{'role': 'Intern'},2024-10-19T19:40:34.064733
user_122,Charlie,Engineer,proj_49,Hermes,WORKS_ON,{'role': 'Engineer'},2023-10-12T19:40:34.064740
user_139,Heidi,Manager,proj_4,Zeus,WORKS_ON,{'role': 'Manager'},2024-03-02T19:40:34.064747
user_18,Diana,Lead,proj_40,Zeus,WORKS_ON,{'role': 'Lead'},2024-03-31T19:40:34.064755
user_89,Eve,Lead,proj_25,Zeus,WORKS_ON,{'role': 'Lead'},2023-09-24T19:40:34.064763
user_48,Frank,Manager,proj_12,Athena,WORKS_ON,{'role': 'Manager'},2023-12-22T19:40:34.064770
user_181,Charlie,Intern,proj_5,Hermes,WORKS_ON,{'role': 'Intern'},2024-11-30T19:40:34.064778
user_181,Bob,Engineer,proj_36,Zeus,WORKS_ON,{'role': 'Engineer'},2024-02-10T19:40:34.064785
user_89,Judy,Engineer,proj_21,Apollo,WORKS_ON,{'role': 'Engineer'},2025-01-07T19:40:34.064797
user_94,Charlie,Lead,proj_28,Hermes,WORKS_ON,{'role': 'Lead'},2023-09-07T19:40:34.064805
user_54,Alice,Intern,proj_48,Athena,WORKS_ON,{'role': 'Intern'},2025-01-11T19:40:34.064812
user_199,Judy,Lead,proj_32,Hermes,WORKS_ON,{'role': 'Lead'},2024-12-31T19:40:34.064822
user_164,Frank,Engineer,proj_14,Athena,WORKS_ON,{'role': 'Engineer'},2024-08-30T19:40:34.064830
user_122,Alice,Intern,proj_2,Athena,WORKS_ON,{'role': 'Intern'},2024-02-25T19:40:34.064837
user_76,Charlie,Engineer,proj_46,Zeus,WORKS_ON,{'role': 'Engineer'},2023-05-24T19:40:34.064846
user_163,Alice,Intern,proj_12,Hermes,WORKS_ON,{'role': 'Intern'},2023-10-01T19:40:34.064855
user_146,Grace,Lead,proj_14,Apollo,WORKS_ON,{'role': 'Lead'},2023-07-31T19:40:34.064868
user_42,Judy,Lead,proj_18,Zeus,WORKS_ON,{'role': 'Lead'},2024-08-26T19:40:34.064882
user_77,Grace,Intern,proj_25,Hermes,WORKS_ON,{'role': 'Intern'},2024-11-18T19:40:34.064891
user_126,Charlie,Engineer,proj_31,Apollo,WORKS_ON,{'role': 'Engineer'},2023-09-02T19:40:34.064899
user_191,Frank,Manager,proj_6,Zeus,WORKS_ON,{'role': 'Manager'},2024-10-07T19:40:34.064907
user_17,Grace,Intern,proj_20,Athena,WORKS_ON,{'role': 'Intern'},2025-03-08T19:40:34.064914
user_6,Frank,Engineer,proj_13,Athena,WORKS_ON,{'role': 'Engineer'},2024-12-31T19:40:34.064922
user_104,Heidi,Engineer,proj_21,Zeus,WORKS_ON,{'role': 'Engineer'},2024-04-03T19:40:34.064929
user_13,Heidi,Engineer,proj_33,Apollo,WORKS_ON,{'role': 'Engineer'},2023-05-18T19:40:34.064940
user_145,Diana,Lead,proj_32,Hermes,WORKS_ON,{'role': 'Lead'},2023-10-11T19:40:34.064947
user_34,Grace,Engineer,proj_11,Zeus,WORKS_ON,{'role': 'Engineer'},2024-07-03T19:40:34.064954
user_174,Diana,Manager,proj_45,Apollo,WORKS_ON,{'role': 'Manager'},2024-11-19T19:40:34.064963
user_99,Grace,Manager,proj_30,Zeus,WORKS_ON,{'role': 'Manager'},2024-01-27T19:40:34.064971
user_64,Bob,Lead,proj_19,Apollo,WORKS_ON,{'role': 'Lead'},2025-03-12T19:40:34.064978
user_93,Heidi,Lead,proj_44,Athena,WORKS_ON,{'role': 'Lead'},2023-08-20T19:40:34.064986
user_44,Judy,Intern,proj_14,Hermes,WORKS_ON,{'role': 'Intern'},2024-07-08T19:40:34.064994
user_31,Alice,Intern,proj_17,Athena,WORKS_ON,{'role': 'Intern'},2024-07-05T19:40:34.065001
user_183,Eve,Manager,proj_49,Hermes,WORKS_ON,{'role': 'Manager'},2025-03-22T19:40:34.065008
user_177,Eve,Intern,proj_49,Hermes,WORKS_ON,{'role': 'Intern'},2024-02-10T19:40:34.065015
user_2,Frank,Lead,proj_11,Apollo,WORKS_ON,{'role': 'Lead'},2024-02-03T19:40:34.065023
user_51,Heidi,Manager,proj_5,Hermes,WORKS_ON,{'role': 'Manager'},2024-03-01T19:40:34.065031
user_111,Heidi,Manager,proj_28,Apollo,WORKS_ON,{'role': 'Manager'},2024-12-16T19:40:34.065041
user_104,Diana,Lead,proj_48,Zeus,WORKS_ON,{'role': 'Lead'},2023-12-13T19:40:34.065048
user_131,Judy,Engineer,proj_20,Zeus,WORKS_ON,{'role': 'Engineer'},2024-02-20T19:40:34.065055
user_189,Frank,Engineer,proj_30,Zeus,WORKS_ON,{'role': 'Engineer'},2023-09-08T19:40:34.065066
user_10,Ivan,Lead,proj_5,Athena,WORKS_ON,{'role': 'Lead'},2024-08-15T19:40:34.065074
user_125,Bob,Lead,proj_40,Zeus,WORKS_ON,{'role': 'Lead'},2024-12-20T19:40:34.065081
user_184,Judy,Lead,proj_14,Zeus,WORKS_ON,{'role': 'Lead'},2024-06-25T19:40:34.065089
user_144,Bob,Intern,proj_29,Zeus,WORKS_ON,{'role': 'Intern'},2024-03-28T19:40:34.065096
user_43,Frank,Engineer,proj_3,Zeus,WORKS_ON,{'role': 'Engineer'},2025-01-26T19:40:34.065104
user_135,Eve,Manager,proj_24,Athena,WORKS_ON,{'role': 'Manager'},2023-08-25T19:40:34.065112
user_185,Eve,Manager,proj_1,Apollo,WORKS_ON,{'role': 'Manager'},2024-09-27T19:40:34.065120
user_32,Alice,Lead,proj_27,Athena,WORKS_ON,{'role': 'Lead'},2023-06-28T19:40:34.065127
user_22,Grace,Intern,proj_25,Zeus,WORKS_ON,{'role': 'Intern'},2024-03-31T19:40:34.065134
user_134,Charlie,Manager,proj_31,Zeus,WORKS_ON,{'role': 'Manager'},2024-11-02T19:40:34.065141
user_57,Frank,Lead,proj_8,Apollo,WORKS_ON,{'role': 'Lead'},2023-07-22T19:40:34.065149
user_50,Heidi,Intern,proj_20,Apollo,WORKS_ON,{'role': 'Intern'},2024-06-19T19:40:34.065162
user_46,Bob,Manager,proj_48,Athena,WORKS_ON,{'role': 'Manager'},2024-03-29T19:40:34.065175
user_139,Grace,Engineer,proj_1,Hermes,WORKS_ON,{'role': 'Engineer'},2025-04-22T19:40:34.065187
user_155,Heidi,Lead,proj_8,Zeus,WORKS_ON,{'role': 'Lead'},2024-11-01T19:40:34.065200
user_96,Judy,Intern,proj_25,Zeus,WORKS_ON,{'role': 'Intern'},2024-09-23T19:40:34.065216
user_37,Bob,Intern,proj_41,Zeus,WORKS_ON,{'role': 'Intern'},2024-06-29T19:40:34.065230
user_11,Alice,Manager,proj_49,Zeus,WORKS_ON,{'role': 'Manager'},2024-04-16T19:40:34.065243
user_123,Frank,Manager,proj_46,Apollo,WORKS_ON,{'role': 'Manager'},2024-12-05T19:40:34.065256
user_1,Diana,Engineer,proj_15,Zeus,WORKS_ON,{'role': 'Engineer'},2024-02-02T19:40:34.065269
user_189,Diana,Manager,proj_41,Hermes,WORKS_ON,{'role': 'Manager'},2023-12-23T19:40:34.065282
user_186,Heidi,Engineer,proj_29,Zeus,WORKS_ON,{'role': 'Engineer'},2024-10-11T19:40:34.065297
user_150,Eve,Lead,proj_2,Apollo,WORKS_ON,{'role': 'Lead'},2024-08-06T19:40:34.065315
user_99,Charlie,Intern,proj_29,Zeus,WORKS_ON,{'role': 'Intern'},2024-05-07T19:40:34.065326
user_170,Eve,Manager,proj_45,Zeus,WORKS_ON,{'role': 'Manager'},2024-05-06T19:40:34.065337
user_38,Ivan,Manager,proj_11,Zeus,WORKS_ON,{'role': 'Manager'},2023-12-08T19:40:34.065350
user_59,Judy,Engineer,proj_15,Zeus,WORKS_ON,{'role': 'Engineer'},2024-03-10T19:40:34.065360
user_97,Heidi,Intern,proj_33,Zeus,WORKS_ON,{'role': 'Intern'},2024-01-22T19:40:34.065367
user_20,Bob,Intern,proj_15,Zeus,WORKS_ON,{'role': 'Intern'},2025-05-11T19:40:34.065375
user_191,Frank,Manager,proj_1,Hermes,WORKS_ON,{'role': 'Manager'},2024-03-27T19:40:34.065382
user_61,Heidi,Manager,proj_20,Zeus,WORKS_ON,{'role': 'Manager'},2023-07-20T19:40:34.065389
user_151,Bob,Intern,proj_22,Athena,WORKS_ON,{'role': 'Intern'},2024-04-14T19:40:34.065399
user_181,Diana,Manager,proj_16,Athena,WORKS_ON,{'role': 'Manager'},2025-03-06T19:40:34.065407
user_10,Alice,Manager,proj_46,Hermes,WORKS_ON,{'role': 'Manager'},2024-03-11T19:40:34.065414
user_71,Diana,Intern,proj_12,Zeus,WORKS_ON,{'role': 'Intern'},2024-08-25T19:40:34.065422
user_150,Eve,Intern,proj_43,Zeus,WORKS_ON,{'role': 'Intern'},2024-07-31T19:40:34.065429
user_123,Ivan,Intern,proj_38,Athena,WORKS_ON,{'role': 'Intern'},2024-10-03T19:40:34.065436
user_91,Judy,Lead,proj_27,Zeus,WORKS_ON,{'role': 'Lead'},2024-05-13T19:40:34.065446
user_9,Charlie,Manager,proj_16,Athena,WORKS_ON,{'role': 'Manager'},2023-12-29T19:40:34.065458
user_85,Judy,Lead,proj_11,Hermes,WORKS_ON,{'role': 'Lead'},2024-05-30T19:40:34.065469
user_75,Eve,Lead,proj_44,Athena,WORKS_ON,{'role': 'Lead'},2024-01-23T19:40:34.065477
user_39,Judy,Intern,proj_18,Hermes,WORKS_ON,{'role': 'Intern'},2023-06-15T19:40:34.065484
user_118,Alice,Intern,proj_26,Apollo,WORKS_ON,{'role': 'Intern'},2023-08-05T19:40:34.065491
user_20,Heidi,Intern,proj_39,Athena,WORKS_ON,{'role': 'Intern'},2025-04-02T19:40:34.065499
user_169,Grace,Engineer,proj_6,Hermes,WORKS_ON,{'role': 'Engineer'},2025-01-20T19:40:34.065506
user_57,Heidi,Intern,proj_13,Athena,WORKS_ON,{'role': 'Intern'},2023-08-08T19:40:34.065516
user_174,Grace,Lead,proj_48,Zeus,WORKS_ON,{'role': 'Lead'},2025-02-14T19:40:34.065528
user_76,Heidi,Lead,proj_40,Zeus,WORKS_ON,{'role': 'Lead'},2023-05-19T19:40:34.065547
user_52,Charlie,Lead,proj_23,Athena,WORKS_ON,{'role': 'Lead'},2024-10-15T19:40:34.065556
user_72,Eve,Intern,proj_10,Apollo,WORKS_ON,{'role': 'Intern'},2024-06-04T19:40:34.065569
user_44,Frank,Intern,proj_24,Athena,WORKS_ON,{'role': 'Intern'},2024-11-30T19:40:34.065579
user_28,Alice,Intern,proj_28,Athena,WORKS_ON,{'role': 'Intern'},2025-02-17T19:40:34.065587
user_102,Bob,Engineer,proj_34,Athena,WORKS_ON,{'role': 'Engineer'},2023-10-08T19:40:34.065594
user_121,Grace,Lead,proj_44,Apollo,WORKS_ON,{'role': 'Lead'},2025-01-25T19:40:34.065611
user_158,Heidi,Engineer,proj_48,Zeus,WORKS_ON,{'role': 'Engineer'},2023-08-11T19:40:34.065619
user_30,Diana,Intern,proj_2,Hermes,WORKS_ON,{'role': 'Intern'},2023-11-03T19:40:34.065626
user_141,Judy,Manager,proj_34,Apollo,WORKS_ON,{'role': 'Manager'},2023-10-05T19:40:34.065634
user_127,Alice,Lead,proj_49,Apollo,WORKS_ON,{'role': 'Lead'},2023-07-29T19:40:34.065641
user_183,Alice,Engineer,proj_10,Hermes,WORKS_ON,{'role': 'Engineer'},2023-06-13T19:40:34.065648
user_180,Heidi,Manager,proj_2,Zeus,WORKS_ON,{'role': 'Manager'},2023-06-27T19:40:34.065656
user_159,Charlie,Manager,proj_7,Apollo,WORKS_ON,{'role': 'Manager'},2023-06-10T19:40:34.065666
user_127,Heidi,Engineer,proj_4,Apollo,WORKS_ON,{'role': 'Engineer'},2024-02-17T19:40:34.065679
user_133,Heidi,Lead,proj_39,Athena,WORKS_ON,{'role': 'Lead'},2024-07-04T19:40:34.065688
user_9,Grace,Intern,proj_18,Athena,WORKS_ON,{'role': 'Intern'},2023-08-02T19:40:34.065700
user_80,Bob,Intern,proj_9,Zeus,WORKS_ON,{'role': 'Intern'},2024-09-29T19:40:34.065708
user_200,Judy,Lead,proj_6,Hermes,WORKS_ON,{'role': 'Lead'},2023-10-20T19:40:34.065716
user_141,Diana,Lead,proj_32,Apollo,WORKS_ON,{'role': 'Lead'},2023-12-07T19:40:34.065723
user_45,Charlie,Manager,proj_16,Zeus,WORKS_ON,{'role': 'Manager'},2024-11-03T19:40:34.065731
user_72,Alice,Lead,proj_45,Zeus,WORKS_ON,{'role': 'Lead'},2025-03-18T19:40:34.065738
user_56,Diana,Engineer,proj_44,Apollo,WORKS_ON,{'role': 'Engineer'},2023-11-28T19:40:34.065747
user_72,Judy,Intern,proj_50,Apollo,WORKS_ON,{'role': 'Intern'},2024-06-07T19:40:34.065754
user_100,Frank,Manager,proj_31,Hermes,WORKS_ON,{'role': 'Manager'},2023-06-13T19:40:34.065762
user_91,Charlie,Engineer,proj_41,Athena,WORKS_ON,{'role': 'Engineer'},2023-08-26T19:40:34.065769
user_154,Eve,Intern,proj_38,Apollo,WORKS_ON,{'role': 'Intern'},2023-12-03T19:40:34.065780
user_41,Bob,Intern,proj_20,Zeus,WORKS_ON,{'role': 'Intern'},2023-07-27T19:40:34.065789
user_23,Ivan,Intern,proj_11,Apollo,WORKS_ON,{'role': 'Intern'},2023-11-20T19:40:34.065796
user_113,Heidi,Manager,proj_25,Zeus,WORKS_ON,{'role': 'Manager'},2025-02-22T19:40:34.065803
user_193,Alice,Manager,proj_8,Hermes,WORKS_ON,{'role': 'Manager'},2025-04-02T19:40:34.065810
user_200,Frank,Engineer,proj_9,Athena,WORKS_ON,{'role': 'Engineer'},2025-02-27T19:40:34.065818
user_146,Bob,Intern,proj_16,Apollo,WORKS_ON,{'role': 'Intern'},2024-11-26T19:40:34.065828
user_145,Judy,Intern,proj_28,Apollo,WORKS_ON,{'role': 'Intern'},2024-11-28T19:40:34.065835
user_26,Judy,Manager,proj_18,Apollo,WORKS_ON,{'role': 'Manager'},2024-12-31T19:40:34.065843
user_133,Grace,Intern,proj_17,Zeus,WORKS_ON,{'role': 'Intern'},2023-08-15T19:40:34.065850
user_133,Heidi,Intern,proj_44,Apollo,WORKS_ON,{'role': 'Intern'},2025-03-25T19:40:34.065857
user_6,Bob,Engineer,proj_50,Hermes,WORKS_ON,{'role': 'Engineer'},2024-11-07T19:40:34.065865
user_99,Grace,Manager,proj_34,Athena,WORKS_ON,{'role': 'Manager'},2024-12-24T19:40:34.065873
user_131,Diana,Engineer,proj_28,Athena,WORKS_ON,{'role': 'Engineer'},2024-07-05T19:40:34.065882
user_77,Bob,Lead,proj_37,Hermes,WORKS_ON,{'role': 'Lead'},2023-10-11T19:40:34.065894
user_167,Heidi,Manager,proj_34,Athena,WORKS_ON,{'role': 'Manager'},2024-01-03T19:40:34.065906
user_59,Eve,Lead,proj_14,Hermes,WORKS_ON,{'role': 'Lead'},2024-01-12T19:40:34.065914
user_29,Grace,Lead,proj_32,Hermes,WORKS_ON,{'role': 'Lead'},2025-05-05T19:40:34.065921
user_98,Judy,Manager,proj_44,Hermes,WORKS_ON,{'role': 'Manager'},2024-07-27T19:40:34.065931
user_1,Alice,Intern,proj_50,Zeus,WORKS_ON,{'role': 'Intern'},2024-02-09T19:40:34.065944
user_113,Eve,Lead,proj_6,Zeus,WORKS_ON,{'role': 'Lead'},2024-01-02T19:40:34.065957
user_139,Eve,Manager,proj_2,Athena,WORKS_ON,{'role': 'Manager'},2023-10-01T19:40:34.065966
user_96,Grace,Lead,proj_40,Athena,WORKS_ON,{'role': 'Lead'},2024-11-14T19:40:34.065977
user_143,Heidi,Engineer,proj_46,Apollo,WORKS_ON,{'role': 'Engineer'},2024-11-11T19:40:34.065985
user_1,Heidi,Intern,proj_42,Zeus,WORKS_ON,{'role': 'Intern'},2023-09-06T19:40:34.065992
user_193,Heidi,Intern,proj_19,Zeus,WORKS_ON,{'role': 'Intern'},2024-05-12T19:40:34.066004
user_131,Diana,Intern,proj_31,Zeus,WORKS_ON,{'role': 'Intern'},2025-05-01T19:40:34.066018
user_123,Ivan,Lead,proj_25,Hermes,WORKS_ON,{'role': 'Lead'},2024-03-12T19:40:34.066030
user_69,Alice,Manager,proj_41,Apollo,WORKS_ON,{'role': 'Manager'},2024-06-01T19:40:34.066044
user_11,Judy,Manager,proj_10,Apollo,WORKS_ON,{'role': 'Manager'},2023-11-25T19:40:34.066052
user_121,Grace,Intern,proj_6,Apollo,WORKS_ON,{'role': 'Intern'},2024-01-13T19:40:34.066059
user_15,Charlie,Engineer,proj_29,Athena,WORKS_ON,{'role': 'Engineer'},2023-09-03T19:40:34.066066
user_10,Alice,Lead,proj_17,Zeus,WORKS_ON,{'role': 'Lead'},2023-11-27T19:40:34.066074
user_35,Frank,Manager,proj_20,Apollo,WORKS_ON,{'role': 'Manager'},2024-08-24T19:40:34.066081
user_126,Heidi,Engineer,proj_4,Zeus,WORKS_ON,{'role': 'Engineer'},2023-10-12T19:40:34.066088
user_162,Frank,Manager,proj_25,Athena,WORKS_ON,{'role': 'Manager'},2024-05-28T19:40:34.066095
user_150,Judy,Intern,proj_37,Athena,WORKS_ON,{'role': 'Intern'},2023-09-21T19:40:34.066103
user_43,Heidi,Lead,proj_49,Zeus,WORKS_ON,{'role': 'Lead'},2023-10-23T19:40:34.066110
user_105,Eve,Manager,proj_17,Athena,WORKS_ON,{'role': 'Manager'},2024-08-23T19:40:34.066123
user_15,Charlie,Manager,proj_25,Zeus,WORKS_ON,{'role': 'Manager'},2025-01-17T19:40:34.066137
user_83,Charlie,Manager,proj_30,Zeus,WORKS_ON,{'role': 'Manager'},2024-03-06T19:40:34.066146
user_9,Alice,Engineer,proj_18,Athena,WORKS_ON,{'role': 'Engineer'},2023-05-18T19:40:34.066153
user_124,Alice,Engineer,proj_43,Apollo,WORKS_ON,{'role': 'Engineer'},2025-03-27T19:40:34.066160
user_66,Judy,Engineer,proj_21,Hermes,WORKS_ON,{'role': 'Engineer'},2024-08-24T19:40:34.066167
user_147,Charlie,Manager,proj_12,Zeus,WORKS_ON,{'role': 'Manager'},2024-12-06T19:40:34.066176
user_156,Ivan,Intern,proj_21,Apollo,WORKS_ON,{'role': 'Intern'},2024-09-27T19:40:34.066493
user_7,Eve,Manager,proj_25,Apollo,WORKS_ON,{'role': 'Manager'},2024-06-09T19:40:34.066516
user_41,Bob,Manager,proj_6,Zeus,WORKS_ON,{'role': 'Manager'},2023-05-13T19:40:34.066529
user_26,Grace,Intern,proj_45,Apollo,WORKS_ON,{'role': 'Intern'},2023-10-20T19:40:34.066540
user_59,Bob,Manager,proj_15,Athena,WORKS_ON,{'role': 'Manager'},2024-03-24T19:40:34.066547
user_121,Ivan,Lead,proj_18,Zeus,WORKS_ON,{'role': 'Lead'},2024-09-15T19:40:34.066555
user_68,Bob,Lead,proj_23,Apollo,WORKS_ON,{'role': 'Lead'},2024-11-10T19:40:34.066576
user_111,Bob,Lead,proj_29,Athena,WORKS_ON,{'role': 'Lead'},2024-03-11T19:40:34.066584
user_50,Eve,Engineer,proj_43,Athena,WORKS_ON,{'role': 'Engineer'},2023-11-25T19:40:34.066591
user_160,Charlie,Lead,proj_4,Hermes,WORKS_ON,{'role': 'Lead'},2024-09-20T19:40:34.066602
user_44,Grace,Intern,proj_6,Zeus,WORKS_ON,{'role': 'Intern'},2025-01-26T19:40:34.066609
user_80,Bob,Intern,proj_19,Apollo,WORKS_ON,{'role': 'Intern'},2024-03-24T19:40:34.066617
user_194,Bob,Lead,proj_6,Zeus,WORKS_ON,{'role': 'Lead'},2024-12-02T19:40:34.066627
user_14,Judy,Intern,proj_35,Athena,WORKS_ON,{'role': 'Intern'},2023-08-03T19:40:34.066642
user_108,Judy,Engineer,proj_2,Apollo,WORKS_ON,{'role': 'Engineer'},2024-09-07T19:40:34.066655
user_49,Eve,Intern,proj_17,Zeus,WORKS_ON,{'role': 'Intern'},2025-05-07T19:40:34.066795
user_8,Diana,Lead,proj_49,Apollo,WORKS_ON,{'role': 'Lead'},2024-03-27T19:40:34.066830
user_8,Heidi,Intern,proj_45,Hermes,WORKS_ON,{'role': 'Intern'},2024-12-25T19:40:34.066846
user_157,Ivan,Engineer,proj_9,Athena,WORKS_ON,{'role': 'Engineer'},2023-06-05T19:40:34.066860
user_189,Diana,Intern,proj_22,Apollo,WORKS_ON,{'role': 'Intern'},2024-01-26T19:40:34.066875
user_161,Eve,Engineer,proj_44,Apollo,WORKS_ON,{'role': 'Engineer'},2024-11-17T19:40:34.066888
user_97,Heidi,Manager,proj_20,Athena,WORKS_ON,{'role': 'Manager'},2023-12-04T19:40:34.066902
user_97,Eve,Intern,proj_7,Apollo,WORKS_ON,{'role': 'Intern'},2024-09-06T19:40:34.066918
user_122,Grace,Intern,proj_41,Athena,WORKS_ON,{'role': 'Intern'},2024-05-26T19:40:34.066933
user_185,Grace,Lead,proj_31,Zeus,WORKS_ON,{'role': 'Lead'},2024-09-19T19:40:34.066947
user_2,Grace,Lead,proj_11,Athena,WORKS_ON,{'role': 'Lead'},2024-12-10T19:40:34.066973
user_186,Bob,Engineer,proj_18,Hermes,WORKS_ON,{'role': 'Engineer'},2024-01-24T19:40:34.066987
user_49,Frank,Intern,proj_16,Zeus,WORKS_ON,{'role': 'Intern'},2024-03-30T19:40:34.067002
user_198,Ivan,Intern,proj_43,Athena,WORKS_ON,{'role': 'Intern'},2023-10-23T19:40:34.067018
user_128,Heidi,Intern,proj_43,Apollo,WORKS_ON,{'role': 'Intern'},2024-04-27T19:40:34.067032
user_179,Frank,Manager,proj_21,Apollo,WORKS_ON,{'role': 'Manager'},2024-05-26T19:40:34.067045
user_161,Eve,Engineer,proj_29,Zeus,WORKS_ON,{'role': 'Engineer'},2024-06-18T19:40:34.067065
user_125,Bob,Intern,proj_9,Athena,WORKS_ON,{'role': 'Intern'},2024-09-24T19:40:34.067085
user_20,Eve,Lead,proj_24,Zeus,WORKS_ON,{'role': 'Lead'},2024-08-23T19:40:34.067099
user_77,Judy,Engineer,proj_28,Athena,WORKS_ON,{'role': 'Engineer'},2024-04-20T19:40:34.067113
user_6,Bob,Manager,proj_36,Zeus,WORKS_ON,{'role': 'Manager'},2024-10-25T19:40:34.067126
user_16,Charlie,Manager,proj_12,Hermes,WORKS_ON,{'role': 'Manager'},2023-08-19T19:40:34.067140
user_13,Alice,Intern,proj_44,Apollo,WORKS_ON,{'role': 'Intern'},2024-11-04T19:40:34.067154
user_114,Grace,Lead,proj_6,Apollo,WORKS_ON,{'role': 'Lead'},2024-03-15T19:40:34.067167
user_19,Eve,Manager,proj_37,Zeus,WORKS_ON,{'role': 'Manager'},2025-03-04T19:40:34.067181
user_199,Diana,Engineer,proj_14,Athena,WORKS_ON,{'role': 'Engineer'},2023-11-18T19:40:34.067195
user_13,Ivan,Intern,proj_15,Apollo,WORKS_ON,{'role': 'Intern'},2024-12-27T19:40:34.067214
user_189,Grace,Engineer,proj_2,Apollo,WORKS_ON,{'role': 'Engineer'},2023-09-05T19:40:34.067227
user_179,Alice,Engineer,proj_4,Apollo,WORKS_ON,{'role': 'Engineer'},2024-12-13T19:40:34.067243
user_50,Alice,Manager,proj_43,Hermes,WORKS_ON,{'role': 'Manager'},2024-09-09T19:40:34.067257
user_95,Charlie,Intern,proj_21,Athena,WORKS_ON,{'role': 'Intern'},2024-12-14T19:40:34.067271
user_147,Diana,Intern,proj_2,Apollo,WORKS_ON,{'role': 'Intern'},2024-09-27T19:40:34.067285
user_136,Heidi,Intern,proj_22,Hermes,WORKS_ON,{'role': 'Intern'},2024-06-29T19:40:34.067300
user_11,Ivan,Engineer,proj_7,Apollo,WORKS_ON,{'role': 'Engineer'},2023-10-25T19:40:34.067314
user_115,Bob,Lead,proj_48,Zeus,WORKS_ON,{'role': 'Lead'},2024-03-28T19:40:34.067328
user_63,Bob,Engineer,proj_2,Apollo,WORKS_ON,{'role': 'Engineer'},2024-07-02T19:40:34.067342
user_173,Ivan,Lead,proj_42,Hermes,WORKS_ON,{'role': 'Lead'},2023-07-27T19:40:34.067355
user_52,Judy,Lead,proj_27,Zeus,WORKS_ON,{'role': 'Lead'},2024-11-23T19:40:34.067369
user_159,Charlie,Engineer,proj_13,Athena,WORKS_ON,{'role': 'Engineer'},2024-05-15T19:40:34.067383
user_175,Judy,Intern,proj_25,Hermes,WORKS_ON,{'role': 'Intern'},2025-03-11T19:40:34.067398
user_69,Eve,Engineer,proj_11,Hermes,WORKS_ON,{'role': 'Engineer'},2024-06-17T19:40:34.067411
user_25,Bob,Lead,proj_22,Hermes,WORKS_ON,{'role': 'Lead'},2024-08-29T19:40:34.067426
user_15,Judy,Intern,proj_5,Apollo,WORKS_ON,{'role': 'Intern'},2023-08-09T19:40:34.067448
user_14,Bob,Intern,proj_5,Hermes,WORKS_ON,{'role': 'Intern'},2024-08-18T19:40:34.067462
user_138,Diana,Lead,proj_45,Athena,WORKS_ON,{'role': 'Lead'},2024-11-21T19:40:34.067476
user_35,Charlie,Engineer,proj_5,Hermes,WORKS_ON,{'role': 'Engineer'},2023-06-27T19:40:34.067491
user_141,Alice,Intern,proj_19,Hermes,WORKS_ON,{'role': 'Intern'},2024-08-12T19:40:34.067504
user_141,Eve,Intern,proj_48,Zeus,WORKS_ON,{'role': 'Intern'},2024-03-13T19:40:34.067518
user_40,Bob,Manager,proj_27,Apollo,WORKS_ON,{'role': 'Manager'},2024-02-18T19:40:34.067533
user_55,Judy,Intern,proj_2,Zeus,WORKS_ON,{'role': 'Intern'},2024-12-14T19:40:34.067547
user_15,Ivan,Manager,proj_10,Hermes,WORKS_ON,{'role': 'Manager'},2025-03-10T19:40:34.067561
user_160,Bob,Intern,proj_2,Zeus,WORKS_ON,{'role': 'Intern'},2024-08-15T19:40:34.067588
user_84,Ivan,Intern,proj_7,Zeus,WORKS_ON,{'role': 'Intern'},2023-05-27T19:40:34.067601
user_48,Alice,Manager,proj_5,Hermes,WORKS_ON,{'role': 'Manager'},2024-04-20T19:40:34.067615
user_110,Ivan,Intern,proj_30,Hermes,WORKS_ON,{'role': 'Intern'},2024-07-24T19:40:34.067639
user_10,Alice,Manager,proj_17,Hermes,WORKS_ON,{'role': 'Manager'},2023-12-03T19:40:34.067653
user_133,Heidi,Manager,proj_3,Athena,WORKS_ON,{'role': 'Manager'},2024-01-18T19:40:34.067667
user_110,Frank,Engineer,proj_33,Athena,WORKS_ON,{'role': 'Engineer'},2023-11-20T19:40:34.067681
user_192,Alice,Manager,proj_23,Hermes,WORKS_ON,{'role': 'Manager'},2024-09-12T19:40:34.067699
user_133,Diana,Engineer,proj_35,Hermes,WORKS_ON,{'role': 'Engineer'},2025-01-23T19:40:34.067713
user_45,Charlie,Intern,proj_38,Apollo,WORKS_ON,{'role': 'Intern'},2024-12-26T19:40:34.067727
user_121,Heidi,Engineer,proj_31,Zeus,WORKS_ON,{'role': 'Engineer'},2024-11-15T19:40:34.067741
user_42,Grace,Manager,proj_30,Hermes,WORKS_ON,{'role': 'Manager'},2024-10-29T19:40:34.067754
user_143,Charlie,Engineer,proj_48,Apollo,WORKS_ON,{'role': 'Engineer'},2024-01-12T19:40:34.067768
user_31,Eve,Lead,proj_36,Zeus,WORKS_ON,{'role': 'Lead'},2023-09-01T19:40:34.067784
user_100,Ivan,Intern,proj_36,Zeus,WORKS_ON,{'role': 'Intern'},2023-07-12T19:40:34.067797
user_33,Diana,Lead,proj_19,Zeus,WORKS_ON,{'role': 'Lead'},2023-12-11T19:40:34.067811
user_7,Charlie,Engineer,proj_12,Zeus,WORKS_ON,{'role': 'Engineer'},2025-02-06T19:40:34.067824
user_10,Charlie,Lead,proj_49,Hermes,WORKS_ON,{'role': 'Lead'},2023-06-11T19:40:34.067843
user_141,Bob,Intern,proj_25,Zeus,WORKS_ON,{'role': 'Intern'},2024-05-23T19:40:34.067856
user_113,Alice,Intern,proj_46,Athena,WORKS_ON,{'role': 'Intern'},2025-04-29T19:40:34.067872
user_128,Heidi,Engineer,proj_27,Hermes,WORKS_ON,{'role': 'Engineer'},2023-12-07T19:40:34.067885
user_19,Eve,Manager,proj_6,Athena,WORKS_ON,{'role': 'Manager'},2024-02-12T19:40:34.067898
user_148,Diana,Intern,proj_1,Zeus,WORKS_ON,{'role': 'Intern'},2023-12-09T19:40:34.067912
user_119,Bob,Intern,proj_45,Athena,WORKS_ON,{'role': 'Intern'},2023-08-22T19:40:34.067929
user_10,Grace,Engineer,proj_22,Apollo,WORKS_ON,{'role': 'Engineer'},2025-01-19T19:40:34.067943
user_139,Judy,Lead,proj_16,Zeus,WORKS_ON,{'role': 'Lead'},2023-07-04T19:40:34.067957
user_65,Charlie,Intern,proj_14,Zeus,WORKS_ON,{'role': 'Intern'},2023-05-20T19:40:34.067971
user_23,Charlie,Manager,proj_23,Apollo,WORKS_ON,{'role': 'Manager'},2024-07-17T19:40:34.067984
user_21,Diana,Engineer,proj_35,Athena,WORKS_ON,{'role': 'Engineer'},2024-05-31T19:40:34.067998
user_57,Alice,Manager,proj_10,Zeus,WORKS_ON,{'role': 'Manager'},2023-07-02T19:40:34.068013
user_63,Bob,Lead,proj_14,Hermes,WORKS_ON,{'role': 'Lead'},2024-04-09T19:40:34.068028
user_159,Grace,Lead,proj_36,Athena,WORKS_ON,{'role': 'Lead'},2024-05-09T19:40:34.068042
user_56,Charlie,Intern,proj_44,Zeus,WORKS_ON,{'role': 'Intern'},2024-05-10T19:40:34.068055
user_169,Bob,Engineer,proj_39,Athena,WORKS_ON,{'role': 'Engineer'},2024-12-20T19:40:34.068069
user_171,Frank,Lead,proj_6,Athena,WORKS_ON,{'role': 'Lead'},2024-11-02T19:40:34.068083
user_179,Ivan,Manager,proj_49,Zeus,WORKS_ON,{'role': 'Manager'},2024-02-14T19:40:34.068096
user_176,Eve,Engineer,proj_18,Athena,WORKS_ON,{'role': 'Engineer'},2023-09-21T19:40:34.068110
user_103,Charlie,Manager,proj_5,Apollo,WORKS_ON,{'role': 'Manager'},2025-04-16T19:40:34.068124
user_158,Charlie,Intern,proj_12,Athena,WORKS_ON,{'role': 'Intern'},2025-05-06T19:40:34.068137
user_176,Frank,Lead,proj_44,Hermes,WORKS_ON,{'role': 'Lead'},2024-08-11T19:40:34.068155
user_157,Diana,Intern,proj_17,Zeus,WORKS_ON,{'role': 'Intern'},2025-02-01T19:40:34.068170
user_107,Bob,Intern,proj_28,Zeus,WORKS_ON,{'role': 'Intern'},2024-07-08T19:40:34.068184
user_140,Diana,Intern,proj_46,Hermes,WORKS_ON,{'role': 'Intern'},2025-04-01T19:40:34.068201
user_1,Grace,Intern,proj_1,Hermes,WORKS_ON,{'role': 'Intern'},2025-02-05T19:40:34.068215
user_57,Alice,Intern,proj_20,Apollo,WORKS_ON,{'role': 'Intern'},2024-01-06T19:40:34.068228
user_129,Eve,Engineer,proj_18,Apollo,WORKS_ON,{'role': 'Engineer'},2024-03-06T19:40:34.068244
user_59,Bob,Lead,proj_1,Hermes,WORKS_ON,{'role': 'Lead'},2024-12-02T19:40:34.068258
user_126,Judy,Engineer,proj_33,Apollo,WORKS_ON,{'role': 'Engineer'},2024-06-24T19:40:34.068288
user_124,Judy,Engineer,proj_22,Hermes,WORKS_ON,{'role': 'Engineer'},2024-01-15T19:40:34.068302
user_80,Ivan,Lead,proj_3,Apollo,WORKS_ON,{'role': 'Lead'},2024-04-26T19:40:34.068315
user_181,Alice,Manager,proj_1,Hermes,WORKS_ON,{'role': 'Manager'},2024-10-03T19:40:34.068330
user_140,Grace,Manager,proj_44,Athena,WORKS_ON,{'role': 'Manager'},2023-07-01T19:40:34.068344
user_100,Charlie,Intern,proj_14,Apollo,WORKS_ON,{'role': 'Intern'},2024-07-27T19:40:34.068357
user_130,Frank,Lead,proj_32,Apollo,WORKS_ON,{'role': 'Lead'},2023-06-23T19:40:34.068370
user_9,Judy,Intern,proj_28,Zeus,WORKS_ON,{'role': 'Intern'},2025-01-08T19:40:34.068384
user_145,Eve,Intern,proj_5,Hermes,WORKS_ON,{'role': 'Intern'},2024-07-15T19:40:34.068402
user_83,Grace,Intern,proj_49,Apollo,WORKS_ON,{'role': 'Intern'},2023-08-01T19:40:34.068415
user_52,Diana,Lead,proj_7,Apollo,WORKS_ON,{'role': 'Lead'},2024-05-19T19:40:34.068429
user_170,Ivan,Lead,proj_3,Apollo,WORKS_ON,{'role': 'Lead'},2024-04-10T19:40:34.068443
user_165,Diana,Manager,proj_44,Zeus,WORKS_ON,{'role': 'Manager'},2023-07-12T19:40:34.068458
user_189,Bob,Engineer,proj_43,Athena,WORKS_ON,{'role': 'Engineer'},2023-10-07T19:40:34.068471
user_41,Ivan,Manager,proj_37,Hermes,WORKS_ON,{'role': 'Manager'},2025-01-01T19:40:34.068487
user_119,Judy,Intern,proj_2,Hermes,WORKS_ON,{'role': 'Intern'},2024-09-10T19:40:34.068501
user_154,Ivan,Engineer,proj_33,Apollo,WORKS_ON,{'role': 'Engineer'},2024-06-19T19:40:34.068515
user_93,Diana,Manager,proj_14,Hermes,WORKS_ON,{'role': 'Manager'},2024-09-16T19:40:34.068529
user_149,Alice,Intern,proj_25,Zeus,WORKS_ON,{'role': 'Intern'},2025-02-11T19:40:34.068544
user_181,Judy,Lead,proj_22,Hermes,WORKS_ON,{'role': 'Lead'},2023-07-13T19:40:34.068558
user_193,Alice,Intern,proj_32,Hermes,WORKS_ON,{'role': 'Intern'},2023-11-22T19:40:34.068572
user_143,Alice,Intern,proj_24,Athena,WORKS_ON,{'role': 'Intern'},2024-07-03T19:40:34.068590
user_170,Frank,Manager,proj_32,Athena,WORKS_ON,{'role': 'Manager'},2023-06-23T19:40:34.068603
user_192,Frank,Manager,proj_40,Zeus,WORKS_ON,{'role': 'Manager'},2024-05-19T19:40:34.068617
user_43,Judy,Lead,proj_10,Hermes,WORKS_ON,{'role': 'Lead'},2023-09-15T19:40:34.068634
user_16,Eve,Intern,proj_29,Athena,WORKS_ON,{'role': 'Intern'},2023-07-03T19:40:34.068647
user_106,Judy,Lead,proj_10,Hermes,WORKS_ON,{'role': 'Lead'},2023-09-04T19:40:34.068661
user_17,Charlie,Intern,proj_27,Zeus,WORKS_ON,{'role': 'Intern'},2023-11-15T19:40:34.068675
user_137,Heidi,Engineer,proj_22,Athena,WORKS_ON,{'role': 'Engineer'},2024-02-18T19:40:34.068688
user_82,Heidi,Manager,proj_17,Zeus,WORKS_ON,{'role': 'Manager'},2024-04-14T19:40:34.068701
user_26,Charlie,Manager,proj_21,Athena,WORKS_ON,{'role': 'Manager'},2025-04-27T19:40:34.068717
user_141,Bob,Engineer,proj_19,Apollo,WORKS_ON,{'role': 'Engineer'},2024-06-25T19:40:34.068731
user_79,Frank,Lead,proj_35,Apollo,WORKS_ON,{'role': 'Lead'},2025-03-11T19:40:34.068745
user_196,Frank,Engineer,proj_11,Apollo,WORKS_ON,{'role': 'Engineer'},2024-12-27T19:40:34.068758
user_42,Frank,Manager,proj_20,Athena,WORKS_ON,{'role': 'Manager'},2024-03-19T19:40:34.068772
user_91,Alice,Engineer,proj_29,Apollo,WORKS_ON,{'role': 'Engineer'},2024-06-04T19:40:34.068786
user_55,Charlie,Engineer,proj_48,Athena,WORKS_ON,{'role': 'Engineer'},2024-12-09T19:40:34.068800
user_165,Frank,Intern,proj_16,Hermes,WORKS_ON,{'role': 'Intern'},2023-11-25T19:40:34.068817
user_189,Heidi,Engineer,proj_42,Zeus,WORKS_ON,{'role': 'Engineer'},2023-12-03T19:40:34.068830
user_177,Charlie,Intern,proj_23,Zeus,WORKS_ON,{'role': 'Intern'},2025-04-20T19:40:34.068844
user_81,Ivan,Lead,proj_18,Zeus,WORKS_ON,{'role': 'Lead'},2025-03-08T19:40:34.068862
user_104,Ivan,Lead,proj_22,Athena,WORKS_ON,{'role': 'Lead'},2023-07-05T19:40:34.068876
user_12,Grace,Lead,proj_42,Zeus,WORKS_ON,{'role': 'Lead'},2023-09-13T19:40:34.068890
user_139,Grace,Lead,proj_8,Apollo,WORKS_ON,{'role': 'Lead'},2023-07-28T19:40:34.068904
user_170,Diana,Lead,proj_14,Hermes,WORKS_ON,{'role': 'Lead'},2025-04-01T19:40:34.068918
user_139,Heidi,Intern,proj_2,Hermes,WORKS_ON,{'role': 'Intern'},2023-06-05T19:40:34.068932
user_142,Ivan,Intern,proj_30,Athena,WORKS_ON,{'role': 'Intern'},2024-09-19T19:40:34.068947
user_39,Grace,Lead,proj_30,Athena,WORKS_ON,{'role': 'Lead'},2024-06-15T19:40:34.068980
user_159,Alice,Manager,proj_33,Hermes,WORKS_ON,{'role': 'Manager'},2023-11-10T19:40:34.068994
user_182,Heidi,Manager,proj_49,Hermes,WORKS_ON,{'role': 'Manager'},2024-04-24T19:40:34.069007
user_62,Charlie,Engineer,proj_12,Zeus,WORKS_ON,{'role': 'Engineer'},2025-01-03T19:40:34.069021
user_5,Judy,Lead,proj_13,Apollo,WORKS_ON,{'role': 'Lead'},2023-09-06T19:40:34.069035
user_67,Eve,Engineer,proj_30,Apollo,WORKS_ON,{'role': 'Engineer'},2024-10-01T19:40:34.069048
user_33,Charlie,Engineer,proj_29,Hermes,WORKS_ON,{'role': 'Engineer'},2025-03-22T19:40:34.069061
user_108,Eve,Intern,proj_11,Hermes,WORKS_ON,{'role': 'Intern'},2024-04-22T19:40:34.069075
user_126,Diana,Engineer,proj_10,Athena,WORKS_ON,{'role': 'Engineer'},2023-09-14T19:40:34.069088
user_41,Diana,Manager,proj_50,Zeus,WORKS_ON,{'role': 'Manager'},2024-05-31T19:40:34.069107
user_134,Frank,Lead,proj_14,Zeus,WORKS_ON,{'role': 'Lead'},2023-06-21T19:40:34.069121
user_180,Charlie,Manager,proj_20,Zeus,WORKS_ON,{'role': 'Manager'},2024-10-07T19:40:34.069135
user_190,Eve,Manager,proj_8,Zeus,WORKS_ON,{'role': 'Manager'},2024-10-24T19:40:34.069149
user_71,Alice,Engineer,proj_19,Zeus,WORKS_ON,{'role': 'Engineer'},2025-01-05T19:40:34.069163
user_105,Charlie,Lead,proj_4,Athena,WORKS_ON,{'role': 'Lead'},2024-09-03T19:40:34.069177
user_190,Eve,Intern,proj_5,Zeus,WORKS_ON,{'role': 'Intern'},2023-12-15T19:40:34.069192
user_127,Frank,Lead,proj_20,Athena,WORKS_ON,{'role': 'Lead'},2023-11-05T19:40:34.069206
user_100,Eve,Intern,proj_50,Athena,WORKS_ON,{'role': 'Intern'},2024-11-09T19:40:34.069220
user_156,Heidi,Lead,proj_24,Athena,WORKS_ON,{'role': 'Lead'},2023-11-26T19:40:34.069234
user_51,Frank,Manager,proj_15,Hermes,WORKS_ON,{'role': 'Manager'},2024-07-24T19:40:34.069249
user_199,Bob,Intern,proj_40,Athena,WORKS_ON,{'role': 'Intern'},2025-04-10T19:40:34.069263
user_11,Heidi,Engineer,proj_6,Apollo,WORKS_ON,{'role': 'Engineer'},2024-10-23T19:40:34.069277
user_61,Judy,Intern,proj_15,Apollo,WORKS_ON,{'role': 'Intern'},2024-03-31T19:40:34.069291
user_94,Heidi,Manager,proj_40,Apollo,WORKS_ON,{'role': 'Manager'},2024-10-20T19:40:34.069305
user_149,Bob,Manager,proj_28,Apollo,WORKS_ON,{'role': 'Manager'},2024-07-30T19:40:34.069320
user_113,Frank,Manager,proj_16,Athena,WORKS_ON,{'role': 'Manager'},2024-06-30T19:40:34.069341
user_82,Bob,Manager,proj_6,Zeus,WORKS_ON,{'role': 'Manager'},2023-06-27T19:40:34.069355
user_57,Ivan,Engineer,proj_30,Athena,WORKS_ON,{'role': 'Engineer'},2025-02-13T19:40:34.069369
user_164,Ivan,Lead,proj_39,Hermes,WORKS_ON,{'role': 'Lead'},2023-10-13T19:40:34.069384
user_132,Charlie,Intern,proj_1,Apollo,WORKS_ON,{'role': 'Intern'},2025-02-07T19:40:34.069397
user_66,Ivan,Lead,proj_50,Apollo,WORKS_ON,{'role': 'Lead'},2024-04-09T19:40:34.069410
user_111,Charlie,Manager,proj_14,Hermes,WORKS_ON,{'role': 'Manager'},2024-06-16T19:40:34.069426
user_73,Judy,Manager,proj_7,Zeus,WORKS_ON,{'role': 'Manager'},2024-12-15T19:40:34.069439
user_66,Grace,Manager,proj_17,Hermes,WORKS_ON,{'role': 'Manager'},2025-04-24T19:40:34.069453
user_84,Grace,Lead,proj_34,Zeus,WORKS_ON,{'role': 'Lead'},2024-04-20T19:40:34.069468
user_24,Diana,Engineer,proj_46,Hermes,WORKS_ON,{'role': 'Engineer'},2024-02-25T19:40:34.069482
user_61,Grace,Lead,proj_45,Athena,WORKS_ON,{'role': 'Lead'},2024-08-02T19:40:34.069495
user_165,Frank,Manager,proj_9,Athena,WORKS_ON,{'role': 'Manager'},2023-12-21T19:40:34.069509
user_155,Bob,Manager,proj_14,Hermes,WORKS_ON,{'role': 'Manager'},2024-06-23T19:40:34.069523
user_131,Bob,Intern,proj_27,Athena,WORKS_ON,{'role': 'Intern'},2025-05-02T19:40:34.069537
user_33,Grace,Engineer,proj_50,Hermes,WORKS_ON,{'role': 'Engineer'},2025-02-14T19:40:34.069551
user_147,Charlie,Manager,proj_23,Zeus,WORKS_ON,{'role': 'Manager'},2024-07-15T19:40:34.069568
user_67,Bob,Intern,proj_24,Hermes,WORKS_ON,{'role': 'Intern'},2024-01-27T19:40:34.069582
user_104,Grace,Lead,proj_20,Hermes,WORKS_ON,{'role': 'Lead'},2023-10-14T19:40:34.069595
user_43,Grace,Engineer,proj_17,Apollo,WORKS_ON,{'role': 'Engineer'},2024-09-29T19:40:34.069609
user_152,Ivan,Intern,proj_8,Apollo,WORKS_ON,{'role': 'Intern'},2023-08-17T19:40:34.069623
user_25,Eve,Lead,proj_12,Athena,WORKS_ON,{'role': 'Lead'},2024-09-23T19:40:34.069636
user_6,Diana,Lead,proj_48,Hermes,WORKS_ON,{'role': 'Lead'},2024-08-19T19:40:34.069652
user_47,Diana,Intern,proj_20,Athena,WORKS_ON,{'role': 'Intern'},2024-02-18T19:40:34.069666
user_167,Ivan,Lead,proj_14,Apollo,WORKS_ON,{'role': 'Lead'},2023-09-30T19:40:34.069680
user_63,Charlie,Intern,proj_21,Zeus,WORKS_ON,{'role': 'Intern'},2024-05-02T19:40:34.069694
user_193,Diana,Manager,proj_49,Hermes,WORKS_ON,{'role': 'Manager'},2024-03-21T19:40:34.069712
user_169,Heidi,Intern,proj_31,Apollo,WORKS_ON,{'role': 'Intern'},2025-05-01T19:40:34.069726
user_195,Charlie,Engineer,proj_34,Apollo,WORKS_ON,{'role': 'Engineer'},2024-03-22T19:40:34.069741
user_89,Ivan,Manager,proj_25,Athena,WORKS_ON,{'role': 'Manager'},2023-07-20T19:40:34.069755
user_154,Eve,Intern,proj_27,Zeus,WORKS_ON,{'role': 'Intern'},2024-07-04T19:40:34.069768
user_93,Ivan,Manager,proj_32,Apollo,WORKS_ON,{'role': 'Manager'},2024-06-15T19:40:34.069782
user_173,Ivan,Manager,proj_1,Apollo,WORKS_ON,{'role': 'Manager'},2023-10-31T19:40:34.069800
user_139,Heidi,Manager,proj_21,Athena,WORKS_ON,{'role': 'Manager'},2024-01-14T19:40:34.069815
user_101,Eve,Engineer,proj_25,Athena,WORKS_ON,{'role': 'Engineer'},2024-10-30T19:40:34.069829
user_135,Frank,Lead,proj_39,Apollo,WORKS_ON,{'role': 'Lead'},2024-09-21T19:40:34.069843
user_125,Alice,Intern,proj_36,Apollo,WORKS_ON,{'role': 'Intern'},2024-10-13T19:40:34.069857
user_82,Grace,Manager,proj_43,Hermes,WORKS_ON,{'role': 'Manager'},2023-09-08T19:40:34.069871
user_33,Eve,Engineer,proj_39,Apollo,WORKS_ON,{'role': 'Engineer'},2024-02-25T19:40:34.069887
user_75,Ivan,Intern,proj_27,Athena,WORKS_ON,{'role': 'Intern'},2024-06-23T19:40:34.069902
user_168,Charlie,Intern,proj_9,Zeus,WORKS_ON,{'role': 'Intern'},2023-09-13T19:40:34.069928
user_89,Frank,Lead,proj_27,Apollo,WORKS_ON,{'role': 'Lead'},2023-05-23T19:40:34.069942
user_177,Judy,Engineer,proj_43,Hermes,WORKS_ON,{'role': 'Engineer'},2024-02-03T19:40:34.069956
user_83,Charlie,Engineer,proj_24,Zeus,WORKS_ON,{'role': 'Engineer'},2024-06-28T19:40:34.069970
user_27,Grace,Lead,proj_42,Apollo,WORKS_ON,{'role': 'Lead'},2024-09-04T19:40:34.069984
user_83,Frank,Engineer,proj_22,Apollo,WORKS_ON,{'role': 'Engineer'},2023-06-09T19:40:34.069998
user_62,Diana,Engineer,proj_24,Apollo,WORKS_ON,{'role': 'Engineer'},2023-11-02T19:40:34.070014
user_142,Ivan,Engineer,proj_46,Hermes,WORKS_ON,{'role': 'Engineer'},2024-08-01T19:40:34.070028
user_84,Eve,Lead,proj_31,Apollo,WORKS_ON,{'role': 'Lead'},2025-04-17T19:40:34.070046
user_18,Judy,Intern,proj_12,Hermes,WORKS_ON,{'role': 'Intern'},2025-03-30T19:40:34.070060
user_75,Frank,Engineer,proj_15,Athena,WORKS_ON,{'role': 'Engineer'},2024-02-03T19:40:34.070074
user_195,Heidi,Lead,proj_22,Apollo,WORKS_ON,{'role': 'Lead'},2025-04-26T19:40:34.070093
user_98,Ivan,Manager,proj_19,Apollo,WORKS_ON,{'role': 'Manager'},2025-01-27T19:40:34.070107
user_78,Heidi,Engineer,proj_29,Hermes,WORKS_ON,{'role': 'Engineer'},2024-11-30T19:40:34.070120
user_123,Eve,Manager,proj_35,Athena,WORKS_ON,{'role': 'Manager'},2024-11-02T19:40:34.070136
user_159,Bob,Intern,proj_4,Apollo,WORKS_ON,{'role': 'Intern'},2025-02-08T19:40:34.070150
user_74,Diana,Engineer,proj_8,Athena,WORKS_ON,{'role': 'Engineer'},2023-05-29T19:40:34.070164
user_165,Diana,Engineer,proj_34,Apollo,WORKS_ON,{'role': 'Engineer'},2025-03-18T19:40:34.070177
user_119,Bob,Manager,proj_13,Athena,WORKS_ON,{'role': 'Manager'},2024-06-15T19:40:34.070405
user_74,Grace,Intern,proj_9,Zeus,WORKS_ON,{'role': 'Intern'},2024-03-27T19:40:34.070421
user_59,Bob,Manager,proj_22,Zeus,WORKS_ON,{'role': 'Manager'},2024-01-04T19:40:34.070434
user_15,Diana,Engineer,proj_20,Zeus,WORKS_ON,{'role': 'Engineer'},2023-08-19T19:40:34.070447
user_152,Bob,Manager,proj_28,Athena,WORKS_ON,{'role': 'Manager'},2025-04-24T19:40:34.070461
user_110,Alice,Intern,proj_12,Athena,WORKS_ON,{'role': 'Intern'},2024-02-25T19:40:34.070474
user_123,Judy,Engineer,proj_2,Apollo,WORKS_ON,{'role': 'Engineer'},2024-09-13T19:40:34.070486
user_185,Eve,Lead,proj_47,Apollo,WORKS_ON,{'role': 'Lead'},2024-07-27T19:40:34.070500
user_21,Frank,Engineer,proj_3,Apollo,WORKS_ON,{'role': 'Engineer'},2024-02-10T19:40:34.070514
